name,height,width,channels
010543abfbd0db1e9aa1b24604336e0c.mask.png,1536,2048,4
022354380a1a17ff49226c9eae21a11f.mask.png,768,1024,1
0294345b3b2324b195cb3b30e91d7678.mask.png,600,800,4
0363353570f16ff0a73aa0a03a7795b8.mask.png,765,1024,1
0830004e471e511458600f0763ce19f3.mask.png,768,1024,1
08829849d0b1c71e437961e841e0c81f.mask.png,768,1024,1
0908dafde12041540b70d688315df6e9.mask.png,2736,3648,3
092b43f88eab0ae3ecc0eb0ccbe37c82.mask.png,2736,3648,3
12362143f7e114beeb9d22dc59450f5a.mask.png,768,1024,1
14548214e97adf237ee3bac90809baf6.mask.png,768,1024,1
152681a0017a5fded699c43cd6df97d1.mask.png,1536,2048,4
17030938cc2cb314cb87552dcc9516a4.mask.png,1536,2048,4
1848de26a06a7831457609429c92e2e7.mask.png,768,1024,4
1990a2ed067b8c537d8fe36d1ab4a7f2.mask.png,1200,1800,4
207763f02c2c5881c898386782da1728.mask.png,1536,2048,4
2170480823e668068b78bce75afe07a1.mask.png,768,1024,1
229f447c1a26a74005b3f058201bde3f.mask.png,4288,3216,3
2377136d0e2ec5c8aa15293c78ffa3d7.mask.png,768,1024,1
237db9303fe590d8104510e36dfaa4a7.mask.png,2592,1936,3
244a7433a307b9a2c839cefe14c0ba1d.mask.png,1637,2352,4
2472627d9b38bce396254ac17b9b3655.mask.png,2112,2816,3
2508f9cfb3c5f96d4539dcb1fa049d6a.mask.png,1200,1600,3
2564876058a684e6d899f3575081b16f.mask.png,1536,2048,4
2680cb774242658dd33dd7dccccf6308.mask.png,2976,3968,3
2744a9427d865323a62eff7fdfbb9ed5.mask.png,3216,4288,3
30096e4b0cdadb88b548f4fa2aee4b95.mask.png,1536,2048,4
3027997c7ead2fbe65be98c93e175bba.mask.png,768,1024,1
31311633f92518299051f6c846919af1.mask.png,480,640,4
31399795f92fd15acc98739eca7047bf.mask.png,768,1024,1
31682dc53f670f43d4308f7e99a1d3f8.mask.png,1536,2048,4
3285736d9bb41f0e91998c0fac685115.mask.png,768,1024,1
35458ca671876a5bad7f87419fe53b4c.mask.png,1200,1600,3
364f0d4ece36860de6c2ad8cf943b800.mask.png,2304,3072,3
371e6f86e51ab2258b69547dd7657b30.mask.png,3000,4000,3
3735407a7358488296a3d9968c01855d.mask.png,765,1024,1
41384798fe5b2590b87e808d0750a291.mask.png,768,1024,1
422896874343197d07d448cfff92ddea.mask.png,768,1024,1
44061b655cd1191b0f0e8a19a0e7e69d.mask.png,600,800,4
452f20323286faadad71a1c9ffae59f4.mask.png,1944,2592,3
49885ceb0d7868353754bcdc653fd85a.mask.png,2048,1536,4
528350687ebc5f28fa25bd89af9e4d52.mask.png,768,1024,1
531633553c8de46100c5f46b09dbf774.mask.png,771,1024,1
55774d613ff0e35e640172a35fdd6c96.mask.png,2592,1936,3
588da262d375acd1ee48212fb2760ae2.mask.png,4000,3000,3
62181550c772f3277ca96e0516b45d9b.mask.png,768,1024,1
6524631d3b2df3c246e553dd55e3361b.mask.png,1536,2048,4
65356dc39286084901856e5cae427764.mask.png,1536,2048,4
660234fb74717f1874bf604b7d3e3818.mask.png,768,1024,1
6743af3f663bc4244b0f80b93541f542.mask.png,3240,4320,3
674cf83cd200c6936f54a0ed6894bf9c.mask.png,2736,3648,3
6870d1aa15aa6be76dac6931583bf998.mask.png,2304,3072,3
687764119688d5ee49717027e6145bee.mask.png,1536,2048,4
689303d2322edb19c223bc2fbe409e08.mask.png,768,1024,1
707642c1c1a36f8fb28274f2484b11fe.mask.png,3216,4288,3
7125cec169f3635cd07db90b16e848d5.mask.png,3240,4320,3
72366b10b23899d659b3b0fa92d3a73c.mask.png,2758,4150,4
729184490532feff1bea99534924c91d.mask.png,1536,2048,4
734143eea107a2b53235e9ff8d43cfdc.mask.png,768,1024,1
7359205ed162a1f63a4537be468f9a71.mask.png,768,1024,1
756a2f39b0b82013ee00b825d66ad0bc.mask.png,3240,4320,3
787969c0b755bb23573a9f4728da9013.mask.png,768,1024,1
813068ba4f493ad7308b4666e0afe711.mask.png,765,1024,1
830517966f2bb1185c5c430794f68483.mask.png,768,1024,1
8330772517186ab2c21c9e80ddd3daf1.mask.png,768,1024,1
839128f5837a4d3614e9f1f6b4cf087e.mask.png,1536,2048,4
8403960a267cea6cec8473736454c4bd.mask.png,1536,2048,4
84fd5a243a63e25013ef3d6fe8eeaf12.mask.png,1536,2048,3
8539222f7bba6bd28b59d8de1d474d1b.mask.png,768,1024,1
8569531f0cfe6fed6f0911100c8c8d56.mask.png,1536,2048,4
86186107aac2418722572c5632f01ade.mask.png,768,1024,1
871d73986285b6092cc16cfe7ab4b7ed.mask.png,994,1680,4
8723711d02af203b62eff3eb6c585f89.mask.png,771,1024,1
87238ad60578291fff62151eb6618adb.mask.png,1536,2048,4
87327cd1756383fefd53a135523d1e5c.mask.png,3240,4320,3
8812398ed09ccb906f4e0d608aec0913.mask.png,768,1024,1
881be478b340b647b959481b9148534e.mask.png,3000,4000,3
901b75381945c55845a0371a576e94d3.mask.png,933,1600,4
906607152d984039c6baebdf6fa15c40.mask.png,1536,2048,4
919881fcd4d0a4117719449a60788f18.mask.png,768,1024,1
91c79965316355431c3c8fed22a115ae.mask.png,563,798,4
92867350a784fbe8e00892796dc94eea.mask.png,768,1024,1
934741e32f2fc90678fee50aea8cc413.mask.png,768,1024,1
93644a457afc64b27a692c1ecd9df773.mask.png,2304,3072,3
95545cc4da4cae23ec42672bbbd3bfa7.mask.png,2304,3072,3
966360f61a4e1d058f71002b43136b60.mask.png,768,1024,1
96740735a927ccf06694f1a374ec6fc4.mask.png,768,1024,1
9772401ec6f2afaab9fb7aee6ece2506.mask.png,768,1024,1
98606162a5fa8b1ee6d989eb784a664a.mask.png,768,1024,1
994526d452af15e3802e1a752a2af020.mask.png,570,760,4
997003561434af248f5b8cc8fb697c70.mask.png,768,1024,1
998214a64e378c93d9c7ae6c502aa160.mask.png,768,1024,1
a0942fb0a31b0f782d5d67a92e6f782c.mask.png,768,1024,1
a0e0f77ac21b8677c261c54a9262539e.mask.png,768,1024,1
a0ed4e883bd44522343ad589aadce538.mask.png,768,1024,1
a190948fddf9545c431efaebddee915d.mask.png,768,1024,1
a1cf0d7ad91ea76248214c165e9491c5.mask.png,768,1024,1
a20985daaeef78ec36b75a820360ee7e.mask.png,768,1024,1
a24271ffaff5625d6d77bd1b8db7f06f.mask.png,2304,3072,1
a28846718dc9731a9816444c12f3a9d5.mask.png,768,1024,1
a2e715a637a43b33199c0991785adab7.mask.png,768,1024,1
a31202172eaa14a258079619440394a7.mask.png,768,1024,1
a343124f546ea20b08092f6d2e72554f.mask.png,768,1024,1
a3902e315de94e425dfd3bd109dc88de.mask.png,768,1024,1
a3978283d13463af3d6d98c6ae6d6be7.mask.png,768,1024,1
a464044a6cdff5cff44d099a99138ae2.mask.png,768,1024,1
a470313562508266ecf17a4a5410fc6f.mask.png,768,1024,1
a473790a307fd44bc5e5e68b12bf6f51.mask.png,768,1024,1
a515850ab263cc40693e86481e0b3462.mask.png,768,1024,1
a570fb86a76eefb5d38a74d029415770.mask.png,768,1024,1
a572d8a52f46accacc8eef19acb8759c.mask.png,1536,2048,4
a607a69c1d589cf0e9d24ff6162abf01.mask.png,1536,2048,4
a67721b7b84cb6e9649c67168d02274b.mask.png,768,1024,1
a749a9c6c906f0f57b9c91d13439bd6b.mask.png,3240,4320,3
a768fceead79102801131160d76dc08b.mask.png,1536,2048,4
a804a5a7b1a56f640962a7addd7a8c6f.mask.png,768,1024,1
a874d91dfcbe35e7204dce0845bcc71a.mask.png,1536,2048,4
a8801babe463c8f0e32c2b338bb2acb8.mask.png,768,1024,1
a9411d7195ec9ac242d5fcb2f6ebf396.mask.png,1536,2048,4
a9667850a5652972443b765ae3ccf3ff.mask.png,2748,3664,3
aa2195acc0c17507e356e60955e30638.mask.png,768,1024,1
aa26ed5cf3896639bca34b372a774c4e.mask.png,771,1024,1
aa3b4f7caf9de8c1d6551c33045fb4c1.mask.png,598,848,3
aa5b0752be8375e478e7df19747494fd.mask.png,768,1024,1
aa61a96b0a18b8dbc65fd20af3644958.mask.png,1536,2048,4
aa62ae56c20735351461f141d4ede330.mask.png,768,1024,1
aab5d03983b5d585608d8ff863f7b3fb.mask.png,768,1024,1
ab174fdf91d7381d1f891f93a493ab4c.mask.png,768,1024,1
ab1e91e9a308f42d3cd0baa59f7c7c71.mask.png,768,1024,1
ab2081739ddb9daf262c79848736d386.mask.png,768,1024,1
ab34ca35df5a7be8cbd2fc8df3a2fb7e.mask.png,768,1024,1
ab3e3e6a64d42b2ec53685f24192daf3.mask.png,768,1024,1
ab59e5fdefc229a4a07592c4376e2ffc.mask.png,2048,1536,4
ab9bc082d5fe5d5835be9596b3bbd28c.mask.png,768,1024,1
ac1a667900157fae86ec5fdabe5eb4b0.mask.png,768,1024,1
ac23beb47b46fdc24e2f381be0aa6762.mask.png,768,1024,1
ac478f5c3c6c77c12764362388773da7.mask.png,1536,2048,4
ac5c61568bbb4f1a965803c6e85481ed.mask.png,768,1024,1
ac7136dac7ab3dfa07d4a6c5038f450d.mask.png,768,1024,1
ac821291d07a9c317f2dbf5e424cb8cb.mask.png,1536,2048,4
acb0d5f4885a2dc4cd37f8e7671ec852.mask.png,768,1024,1
acd862c22c84f9f4f22a665573c0dc9c.mask.png,768,1024,1
ad0018fb4cec9dc007f89d94902d1bf1.mask.png,765,1024,1
ad71b41fd8257bfb9bf303008a92f68e.mask.png,1536,2048,4
ad842756fbdb20f8d22ea1e151727d04.mask.png,768,1024,1
ad858c2668b85ebaaed311e1fe56b01d.mask.png,768,1024,1
ada9cf59118b6b3503363371021bc88e.mask.png,768,1024,1
add77a1c9b7aa95a65542a01a209b7d2.mask.png,1024,768,1
ae5cbfd5a2566eb2ba2e27979c53ef9c.mask.png,768,1024,1
ae62c81c35af25f591fee642ade58245.mask.png,771,1024,1
ae6ec565eab53a8bdc5749cff5914726.mask.png,768,1024,1
ae82b0a9330039d4867bc9431956879d.mask.png,768,1024,1
ae9dbc1d83a6063f921c7b6f19ecc468.mask.png,768,1024,1
ae9e681d29a063fd86265c1182b64f52.mask.png,768,1024,1
aeb96ad12870526f4b964184e4b77103.mask.png,768,1024,1
aebfa7ea3c777f775f7185c04c6a8fab.mask.png,768,1024,1
aedafca3f65ecbbf54b3ec1ba4206b59.mask.png,768,1024,1
af4e76c3b9ef022cbffb9795592729ec.mask.png,768,1024,1
af77345bcf2cfcb77f0aa3eb0d724e98.mask.png,768,1024,1
af8332f8c5b8cedeeb33963bb532e2f8.mask.png,1536,2048,4
af8c8581458892ce989aaa67e65904c5.mask.png,768,1024,1
afe1529ef8aaec50a917345e7280f9c2.mask.png,1536,2048,4
afe58b89ed86f93d38c8dd156a8a8491.mask.png,771,1024,1
b0060704d02f1229b75cbd550c7267b4.mask.png,598,848,3
b0175f62b84472eab8d177aa3d0364f9.mask.png,1536,2048,4
b024091aabc0e2844605887c044c080e.mask.png,771,1024,1
b084878f7b2a9b783a29dccceca2a580.mask.png,768,1024,1
b09992fe2065d07847925b93505ed296.mask.png,768,1024,1
b0a2e857fb69d84cc86e16e53c2feda3.mask.png,768,1024,1
b0b2682b1b9c568c5050c4ad69243622.mask.png,771,1024,1
b0daf1c4142d7b73cd76d39e7c36a7c2.mask.png,768,1024,1
b0e304ca50739b4bb48620960a4006b9.mask.png,768,1024,1
b12b7e18c131d3414662d00022cc5d0f.mask.png,768,1024,1
b12fb5198adce69091a77caac294016c.mask.png,771,1024,1
b15e0636218f1748f362cb65648a2408.mask.png,768,1024,1
b16b83b24a10d28f3d89eca9e505f294.mask.png,768,1024,1
b185aab42bdb43b9f6baec60f9a5ba27.mask.png,768,1024,1
b18784f9d9acd72b0d414a5a3ae56c2c.mask.png,768,1024,1
b192b6242d69e023a4c2f26b42feadab.mask.png,768,1024,1
b1a7bc9873d1ac1a9bf66426002b3722.mask.png,768,1024,1
b1ab7bc3fe7e57cc7a1beb3edd00a1e2.mask.png,768,1024,1
b1bc3b7d2942eda3e73788c489e95d13.mask.png,765,1024,1
b1fb2e2690c484ef7b0a75698150ed27.mask.png,768,1024,1
b21ec9c8f63bb394181430af882a8a99.mask.png,768,1024,1
b2474c062971986f588459818c212a8c.mask.png,768,1024,1
b2bd98ab5ab6056c9b2a326eb1193edf.mask.png,765,1024,1
b2f2970f8f0f4ab82b0483b022309ecf.mask.png,768,1024,1
b300897bc8a566bb9e806d8132e25f5b.mask.png,768,1024,1
b318ed71fdddcabf17e15c6ca3af13af.mask.png,768,1024,1
b3410ded36f35bda24e18c5362f69d63.mask.png,3240,4320,3
b35d925d02a6792e66e475860372aaae.mask.png,768,1024,1
b36e7a5450bf93dfa0484d22c6bab840.mask.png,768,1024,1
b37a15fd949a331a8aca247b7ca34f2d.mask.png,768,1024,1
b38a115419edcb093e7c4053960cef5c.mask.png,768,1024,1
b39a55c7b0c32dcbc7af93412413bb71.mask.png,768,1024,1
b3c8de573cfb53d7c52fa628021c49dc.mask.png,768,1024,1
b3e198f58740cc8074ae1948efe7a1d2.mask.png,768,1024,1
b3f8eaa84b5f310be720b0e856b4eb51.mask.png,768,1024,1
b42396107373446a2ab013cd61460b04.mask.png,1536,2048,4
b4561d74f119b5d18a8c8c46e13794f1.mask.png,768,1024,1
b46123b02139d593c1f842bc46ddc634.mask.png,768,1024,1
b46af5d99d6fd9a7f80bbfb43b220bbb.mask.png,768,1024,1
b47c970b9a25c103951ab48c55727ecc.mask.png,600,800,4
b4d425eedb47b3d886ca70d56db4120d.mask.png,768,1024,1
b50643fbceb9221486caddcfa37304cb.mask.png,768,1024,1
b5413c246d39c53af7e53b1d56f64946.mask.png,600,800,4
b59eb013150b52fdac02f8a50ff9ca47.mask.png,765,1024,1
b5b7caee2a885e16b9b71e2345fb468f.mask.png,768,1024,1
b62f85cc6ec8d3ee50311876561418fb.mask.png,771,1024,1
b6f0f60d2dac8fd639a54eb6bdc2bdd5.mask.png,768,1024,1
b71fdf22ebc078013fc4c81c7798903c.mask.png,768,1024,1
b73fef9b8686be108f9deec80e8ed880.mask.png,768,1024,1
b761c2482d2b98000608245df056855a.mask.png,768,1024,1
b78a5e18d75253830e1c0cf7f73be279.mask.png,768,1024,1
b7e384ec275a27be0ce4d95c729d4b04.mask.png,768,1024,1
b815a74cfdca7f5da57fc1b0687f89cd.mask.png,771,1024,1
b81629220178f4be3d145ba0986852ce.mask.png,768,1024,1
b81643f10ef2075412532d13eb274b1e.mask.png,768,1024,1
b835388bf7843d20544c6de90d11c51c.mask.png,768,1024,1
b8cecf240477353bdf87aac6521e066f.mask.png,2304,3072,3
b9149cc8a64a111bbc1b30cb1bdc37d4.mask.png,3240,4320,3
b91fb5eb5b2ef55ad665fb6cd7f7b657.mask.png,1536,2048,4
b933cdeb03094c3bcc8a2cb319830d15.mask.png,768,1024,1
b957bf062b8006317f24bdba5dd0abfe.mask.png,768,1024,1
b97db18acbee83be9760fb8eb8661652.mask.png,768,1024,1
b9988711e0a2880bb4fa8cf549dc55bc.mask.png,768,1024,1
b9b25dcdf5f40747e548cc9c92a261c2.mask.png,765,1024,1
b9b5386221a626f791fdd6cf400b73df.mask.png,768,1024,1
b9c5470e3233747c69d951707fc0caa1.mask.png,768,1024,1
b9c9e75746c2cfee1f99ad9b2e5f2548.mask.png,768,1024,1
b9db78fd385d12b4ff6f59a6a6c0f629.mask.png,768,1024,1
ba88fff70edc152e7fd26df38f710f49.mask.png,768,1024,1
baa105757f53efb5355ed8690994de83.mask.png,765,1024,1
bab047baca23807e4a97b048a56c1edd.mask.png,768,1024,1
bac7fb0f429c30179ca36411f11713ed.mask.png,768,1024,1
bacb43ad2dffd3f9cc5fae9c28747020.mask.png,1536,2048,4
bb11c77bcc275f1f2d409852cef0f016.mask.png,768,1024,1
bb187a066f29895b69dc38298ffd72f5.mask.png,1536,2048,4
bb24d8980818339d65bb77a978b0f4ad.mask.png,771,1024,1
bb6bc81243a3d15132b3a2b42e1e5f0e.mask.png,3240,4320,1
bb7ed6b43f565a1fe2ebcbf99886d1d4.mask.png,2304,3072,4
bb7f020e3bac66c4d049b0a9d748b63c.mask.png,768,1024,1
bbb6f569a59a45dd2d895eda0431b036.mask.png,771,1024,1
bc04da26ab41ce92565dd3c686dae6c8.mask.png,598,848,3
bc3d64f2379104d8e69c7e6a883bb08c.mask.png,768,1024,1
bc42f3fa484ad950692de70f31a1314c.mask.png,1536,2048,4
bc65429425aaafea7a29c4992ff33bad.mask.png,768,1024,1
bc6699010f8031e38623087db86466b1.mask.png,765,1024,1
bcbc7bef972e1b0ad0ebf8d4781aba31.mask.png,768,1024,1
bcd5608b3999bb8d454d0903fc3bd759.mask.png,768,1024,1
bd0b360b1e221acee0e0ba4970556271.mask.png,768,1024,1
bd102f5038b9c07483b7e76eb614de0a.mask.png,1536,2048,4
bd162a474c3726de6e7b9790feb95a00.mask.png,768,1024,1
bd2dc6a591234f7855101bb3e66c96c8.mask.png,768,1024,1
bd514860151bb8fcfb448276821f0ac9.mask.png,768,1024,1
bd993ecb7172acc9508e2d74fa239e6c.mask.png,768,1024,1
bdaed1accdd28cf71be52229b654c0fd.mask.png,768,1024,1
be015078936ab89c8c755cf290ba9a0f.mask.png,768,1024,1
be05023fef0c596b1691471cb7095d12.mask.png,768,1024,1
be07c00a9019c724132920b410951478.mask.png,771,1024,1
be3c9e989860de924073c3b60aae71bd.mask.png,771,1024,1
be51269d525b84339af824a319814cda.mask.png,768,1024,1
bea810fbe5f0ee59c79b4ebd4732f1a0.mask.png,1936,2592,3
bed7b44e6d413d740c97696f475ab858.mask.png,768,1024,1
bedffe5f780e3c2be2cc032450ce0800.mask.png,768,1024,1
bf3bbec50ea288905e42bbfaf2c682bc.mask.png,771,1024,1
bf44b8a1a00a2e525426a4ad4bedfff9.mask.png,765,1024,1
bfd1934c21fe48a0e3ad8e9695473cb8.mask.png,768,1024,1
c01eb038f84397e1116a56414e16fcee.mask.png,768,1024,1
c0200dcf86e0c83a600efc4029561dbd.mask.png,771,1024,1
c0a07e462960bd1eb37b5b0c1753c0fa.mask.png,768,1024,1
c15b8f5dfe00c18107ba52ce25fc33e0.mask.png,768,1024,1
c168467ba25e8675a50b85be4204b4b2.mask.png,768,1024,1
c1cf5dc8ab6e95cca71eb2cc0716a14b.mask.png,768,1024,1
c1e51c1b53a96730b28df479028e1793.mask.png,768,1024,1
c22d2d0168ef819997238082b12d4149.mask.png,768,1024,1
c239a9a08c352ec88ad81d4099e0ebcb.mask.png,765,1024,1
c26d812059636151e2d7264fa0a9fdbc.mask.png,3240,4320,3
c2ccae30ccc8189fe03319b604cdde8b.mask.png,771,1024,1
c2ced35e09624934e6ac8ea922d6f216.mask.png,768,1024,1
c2e9e25b3f224a2bc80ca1f6dd86f465.mask.png,1536,2048,4
c31172b1b6021532294f78da3b65fdc3.mask.png,768,1024,1
c328943933b839c4f9d2d0c94a831eab.mask.png,768,1024,1
c33078039ff93c70014ebe16192be997.mask.png,768,1024,1
c36f07e5793cef38dd7ab17764fce3e4.mask.png,768,1024,1
c37baac7c0837959e870e95d4606914e.mask.png,768,1024,1
c3cd547094fa52e65a22228bba5ef189.mask.png,768,1024,1
c3faf90e9db3afcdafad8f283af02f2d.mask.png,768,1024,1
c414179415b146d9cbeca0fb3fb351a7.mask.png,768,1024,1
c4249fa108dfc8cc6617d0c03adaa9e4.mask.png,768,1024,1
c4a8492e6d60e15a32a52b5ebee00f65.mask.png,768,1024,1
c6216855a09754f487980c889f7a8732.mask.png,806,1075,1
c658e082c4a76075a2f91c731b1f79a0.mask.png,1200,1600,1
c66c01633c25f6b9861578432638508d.mask.png,2848,4272,3
c69b802e0fee0c78988bd1878a4a66be.mask.png,768,1024,1
c6ae44ca12707711f81c0380408db48d.mask.png,765,1024,1
c6b5dc9a4db605cdc15a51d4bd6cb228.mask.png,768,1024,1
c6c43b9a036bde516d4525d97f2c8223.mask.png,768,1024,1
c6d6089b4ea367333ca025d8cd1c8d33.mask.png,768,1024,1
c6e38b5fcc7d77df53dd101605d68b92.mask.png,768,1024,1
c6fd81dc1179711b70fa379eeb714028.mask.png,1536,2048,4
c7442bb2aefb0ce9062694a697f5c4aa.mask.png,768,1024,1
c78759a7396dd709da30a25683b6219c.mask.png,765,1024,1
c7aaa5080c49117748fce73bff068573.mask.png,1536,2048,4
c7aaa7d7e4c6c0693b4cdd222cb10353.mask.png,768,1024,1
c7bebc1bd86c69b8117482029f8506f2.mask.png,768,1024,1
c7cbba822ab211cd0292b3688aa4b903.mask.png,1536,2048,4
c7eff213225543a37732bbe719485211.mask.png,768,1024,1
c834e3170c81cebd468accb10ef07c1f.mask.png,768,1024,1
c86cb7e7cf51b7b182a6ffa8b253ed2b.mask.png,768,1024,1
c88f1d27e73aaec5556fcd439600879f.mask.png,768,1024,1
c890621aeaafe9b0e353f29a7d93391d.mask.png,768,1024,1
c9171cef5cbaa557cfda9c22532e74c3.mask.png,768,1024,1
c9474f64767e4be134be6ce815240137.mask.png,768,1024,1
c9699a289977ce2d80c6e073eadf8b2a.mask.png,768,1024,1
c9df6c726d44834138a89684b2454dbb.mask.png,1536,2048,4
ca15c22f95aeed95acafe3045f1f2862.mask.png,972,1296,1
ca472f184807aded538221ac0b5ac27b.mask.png,598,848,3
ca76eefff717b507a0eba5353324d9e5.mask.png,768,1024,1
ca8d2d96f0802516c94fa60dbae9e0eb.mask.png,771,1024,1
ca8f5bc4dfc11f10d823230e1c800caf.mask.png,765,1024,1
caa67ad39a42b14c19c572ccc5fd2243.mask.png,768,1024,1
cab8ac89fc001f1adb2ff4d8b3f9f9a9.mask.png,3240,4320,3
cabf04859faf2895703dff425ff2277b.mask.png,768,1024,1
cb4d47e95b84ec3eee1796bc8fff1180.mask.png,771,1024,1
cb5dece724ab947f6a615c7fe1f8c380.mask.png,1944,2592,3
cb6206518534074f8981cb93da4283be.mask.png,771,1024,1
cb73316904b4dfa07e2f0066fdc91242.mask.png,1067,1600,1
cb905e8bb50be791b394e69b45bfd8da.mask.png,768,1024,1
cbf35bfeb900387380e043ef4523ed7a.mask.png,1200,1600,1
cbf729aea39780adc2e5a7a23c8f5c21.mask.png,768,1024,1
cc0c8e75290550c68a73f399760512a9.mask.png,720,960,1
cc1234027ede8d9006ce01f0cd12b710.mask.png,768,1024,1
cc263a4c9ff9943acbb9049f637a0bed.mask.png,598,848,3
cca2b0e3882574e1d8709e0f95c42565.mask.png,768,1024,1
cccbca215f38e9a03c46f73265bba889.mask.png,1042,1389,4
ccedb1eb235f5dedddc443b93e9aaabd.mask.png,768,1024,1
cd22077ab23004ae566c5e09cecee05f.mask.png,771,1024,1
cd23dec47118e009aa9ae014362be38f.mask.png,768,1024,1
cd37a14624e4d3b04584b054ec761314.mask.png,768,1024,1
cd9b2df963652cea69a16b7e368cd7f1.mask.png,768,1024,1
cdce0701fa96db632af5facf074fe654.mask.png,768,1024,1
ce03344d71dca420b3ea36e8e8c48219.mask.png,768,1024,1
ce05c962f695932a830ad4356d7a3e04.mask.png,778,1037,1
ce4df5feb17e4951e1151a4ddf38b5e5.mask.png,806,1075,1
ce571df8dd7ac27523b2cca4cbc32194.mask.png,1920,2560,3
ce5cd74980494117a495a305ed5fe95b.mask.png,768,1024,1
ce6a3e19dfcd8e8b162faf8511b920ae.mask.png,3216,4288,3
ce6fc3053fb6221f93f5c376a005e658.mask.png,3072,2304,3
ceb9fcd4486cd56c04bf66804cfee9f0.mask.png,768,1024,1
cebf26e8911e2a38c273b1c015e61fcd.mask.png,768,1024,1
cf130a9fff498616cc88d3f754fc50d3.mask.png,768,1024,1
cf3eef59fe32392bef1dd5d18e79207b.mask.png,768,1024,1
cfb77b3822d05b280d51e8259f0c2ff4.mask.png,768,1024,1
d0122ee951d52ee1198b9c402c0a75bf.mask.png,768,1024,1
d09aedf8c4f0622413bf67f8e5715bcf.mask.png,768,1024,1
d0c156d5cf865a9e43e20c1798093bf0.mask.png,768,1024,1
d114ce94a3994d16e43a4de93fe72e17.mask.png,768,1024,1
d12f8acae725c66b00c31c3c96978e18.mask.png,771,1024,1
d13e3749938f9bcd3945bed229d40bb7.mask.png,768,1024,1
d1600f32364c41f754e31087db6dd7d2.mask.png,768,1024,1
d1887e997c7035c12a04dd88ca0306b6.mask.png,768,1024,1
d1e6b20063dfb294189b8338541ba1cf.mask.png,3240,4320,3
d22f7eb37563c080925a4cacbed16c7f.mask.png,1072,1424,1
d23a8024cc5a377ecfdabb3577e96f10.mask.png,768,1024,1
d2553a38aa5977fedd9c365d6129f83d.mask.png,768,1024,1
d257675d358d70474a86b4e11dba33a9.mask.png,768,1024,1
d27e776a3f9b648e478a77229de52b54.mask.png,768,1024,1
d2d7c3bf0395220f58bdc48df5a9c8d6.mask.png,768,1024,1
d3178109fc141fbce7c7d2c97a9e03d8.mask.png,768,1024,1
d321ba188146edd239c266f409e7995e.mask.png,768,1024,1
d3389a52075cb3af01ee0b164c75019d.mask.png,1109,1663,1
d34431a82f1e24ef7ef228dae9eb8c4c.mask.png,768,1024,1
d38f15e7ee1656b427fc23cea9944691.mask.png,595,1025,1
d402dcd0cbd09bcc950a22003b8251b4.mask.png,792,1188,1
d40f3ba9fd4d86bd79dd02a5104c16c1.mask.png,768,1024,1
d4aff0ad5f4f99fc6cad4243b926eda7.mask.png,598,848,3
d4c52c98840e8128d50e0cd73068ccd3.mask.png,1067,1600,1
d4e7b59257c600b426046bed3a7da516.mask.png,806,1075,1
d4fed2657cb159dd112be532b7678d20.mask.png,768,1024,1
d50705dec19859abe19deb5c3af5f3bd.mask.png,1286,1709,1
d507e807f025f09ea0cff40b52e9322c.mask.png,768,1024,1
d52264908b734ce04d2f4da2a07f531d.mask.png,768,1024,1
d531b1cefbdd804a28399c46965aba52.mask.png,768,1024,1
d55e4723d6de869b76020bcc1c4cfa26.mask.png,768,1024,1
d5e9b0e1fd8aa49e0e483cd1bef9d61e.mask.png,768,1024,1
d6388ee9f63e1111d41ce66ddf06ff41.mask.png,3240,4320,3
d64f0d1c4c3e893b1d0f3aa5b9967830.mask.png,768,1024,1
d6691d2689957ed83dcdfe315f29e2e9.mask.png,768,1024,1
d6933d2484b99d63cab5532c478f82bc.mask.png,768,1024,1
d6c24dd444b8b840d764a26f18e1d0e0.mask.png,768,1024,1
d6e8a819330b7e0ff527d3daa11601ed.mask.png,765,1024,1
d6f1c10e0059e0ac468537ceac0f22e1.mask.png,768,1024,1
d732d32a9f1f809558e32f88e500bb55.mask.png,1200,1600,1
d750d162ee3c1ae81da9b64d52a3f9ee.mask.png,806,1075,1
d7632c418ab10443dbeddc264ec032fb.mask.png,1200,1600,3
d76330914587add652997eda2c3caa98.mask.png,768,1024,1
d78caa6909f1270cd3e8e216c24f6909.mask.png,1067,1600,1
d7907191ca56c0adca3df658743028e3.mask.png,768,1024,1
d83840fbd3cde13ca6b801a3800e3c2b.mask.png,771,1024,1
d85e113fd3d5feeaccc27c66a2ac7c29.mask.png,768,1024,1
d86c77402f58687283542ae735f327f8.mask.png,648,1152,1
d87fb93838434f8a1d668c0ed1bd8824.mask.png,3240,4320,3
d8a029939bb6e3c8960e477176f08a15.mask.png,768,1024,1
d8caba69142706f17ca9db4a760b7490.mask.png,768,1024,1
d8edc14c38478d80b27a0bc6d41dc4ae.mask.png,765,1024,1
d8fd021d1ca1e21880a0b84effa7157b.mask.png,3240,4320,3
d90d1935c16712717b15cb9d29a2dd9f.mask.png,765,1024,1
d918eeffd78047944ec2d97c4594eb8b.mask.png,768,1024,1
d958cd2313d0c5eb6d55c9d96c25c8b8.mask.png,768,1024,1
d9634e2f8c7644c545c03c60f76750ef.mask.png,768,1024,1
d96f2bcd580fa5de490377169d6a45bd.mask.png,2748,3664,3
d9b9f5db7d29a3855cceef574145b595.mask.png,598,848,3
d9be92214b9b151afa53a2debdd6acc6.mask.png,806,1075,1
da51285c1f90d4b22b4be4e9d0ac63aa.mask.png,768,1024,1
da69d49cc6fd90ae7a2d494009ef46cf.mask.png,768,1024,1
da87f75ad935467d3c8d0ab08a559e76.mask.png,3000,4000,3
daa767cd9cc041a3b7a340528689adab.mask.png,768,1024,1
dbe57dd8b2e7b7349a37705965bc889f.mask.png,1072,1424,1
dcc2c41c810408c4cb08ce092a712d02.mask.png,2748,3664,3
de7b3bfcf24632b26291ad01e272cafa.mask.png,1200,1600,4
deb7cc4263e3dc9a640c57c7b2f714fd.mask.png,720,960,1
dedfc7b72b5c7ce42bd3e93df033a531.mask.png,3000,4000,3
df2cf775afbb1d2880aa22f5f3c43995.mask.png,3240,4320,3
df2f15d3d496f356e95aaf027d17dcaa.mask.png,806,1075,1
e025b80af56ce319d0a02bd97a086768.mask.png,1188,792,1
e1795634a3bf20d9c2e313a92c048bad.mask.png,778,1037,1
e2a45c5c31400c8a16df285a45be6900.mask.png,3240,4320,3
e2e90ac338d909cd708d904145d5c932.mask.png,648,1152,1
e3137a7b21d07b4daa8a23cf778cc083.mask.png,1000,1504,1
e3f10dc9b7dfcf91efd0bce8bf2c82b0.mask.png,2144,2848,3
e3f297c613666f68896094cb58838ae6.mask.png,806,1075,1
e44cb44a7cf02f5c4f9f4c2f0f62f3ce.mask.png,750,1000,1
e6764ef0fb7a2a0b624b554c89c62137.mask.png,3000,4000,3
e7b762a90a95ff8d71497a6da103f649.mask.png,691,922,1
e81d4326a9aba0df4346edaf4e64c0d0.mask.png,900,1600,1
e8540972740aa21638731940c3bebe42.mask.png,691,922,1
e92c3770990b6a1fc78bc068a2e03b29.mask.png,960,1280,1
eba3f828ff79dc2f173e8f18bfcb8b4c.mask.png,1152,1536,1
ed989064f7fbdd958ff3c242e4cdabeb.mask.png,806,1075,1
edb9414156ff96adf906cbba292e6cd4.mask.png,3240,4320,3
eded2f92d413246c29001c448dbddd1b.mask.png,1944,2592,3
eee3361e4c383c67789ef99c3a65fa8d.mask.png,2112,2816,3
f0b605154f22ad7249c804668dcac3dd.mask.png,806,1075,1
f0d05a2fce59b068846bd1c8453d7d89.mask.png,1152,1536,1
f0da2ba0cdf1426911f59dec320cd9a2.mask.png,1071,1600,1
f0e435860a2dc27294bf153d56351b27.mask.png,1042,1389,4
f95d94a3a6384059a64725f89677e885.mask.png,1200,1600,3
fce1efb32a85a7f67f959a7c37f1f52b.mask.png,3240,4320,3
fdf110fa789efa05114811412f54b2a9.mask.png,1944,2592,3
fedd664fb16748292deb66f75e1da4bc.mask.png,2144,2848,3
