channels,height,name,width,label
3,768,1e08e4c90b73a39a63926f9274412066.png,1024,pristine
3,680,2d434fc0c848798124376812abd327c8.png,1024,pristine
3,680,0f215e9b7f0fbe5c6008d2f094d76df5.png,1024,pristine
3,768,1d54c6fef7e338ad400d7a40bcefbc7e.png,1024,pristine
3,768,5f61eda73f21bc9c8ed81e6f0f881881.png,1024,pristine
3,683,6bd4cd258cf603a3563805dc08a61717.png,1024,pristine
3,768,3d9ec059b5844e8324f117107fb89f89.png,1024,pristine
3,768,1a1b92d5a6e24bca86cef1bfe98671a6.png,1024,pristine
3,768,01c86605fa24b57755ef6797443213d9.png,1024,pristine
3,575,6a5a7b324744227f828329a29744ff2a.png,1024,pristine
3,768,06a6e29f235cf41ed4c3ca707d994a30.png,1024,pristine
3,1536,906607152d984039c6baebdf6fa15c40.png,2048,fake
3,768,4a3e54d07a648023c79fc962078abd0a.png,1024,pristine
3,768,c15b8f5dfe00c18107ba52ce25fc33e0.png,1024,fake
3,768,4a8c2e0abef055ffc7f8d88c93c8ff65.png,1024,pristine
3,768,2170480823e668068b78bce75afe07a1.png,1024,fake
3,681,2f4576f590a7f29416ddc348ba30b232.png,1024,pristine
4,1536,c6fd81dc1179711b70fa379eeb714028.png,2048,fake
3,768,6cd39a1288e2650d1c8ebafde7d9d103.png,1024,pristine
3,680,1ff3b1001a36c15f237a5d619aad1579.png,1024,pristine
3,768,4c79e2b94eabf77fcef0577527ad6057.png,1024,pristine
3,768,2aedbb2acbe0f9f75470ebab61871354.png,1024,pristine
3,768,07af4ffd4a3e7a37903b9a22affccfed.png,1024,pristine
3,768,c890621aeaafe9b0e353f29a7d93391d.png,1024,fake
3,768,6c5aa1ebdbcd6761c8682bbcccaf6add.png,1024,pristine
3,768,5a7ac41cc0da7b795bc07b124fcd1990.png,1024,pristine
3,768,daa767cd9cc041a3b7a340528689adab.png,1024,fake
3,768,1f79c88ac393e9c1e2653884d8cbe736.png,1024,pristine
3,3240,e2a45c5c31400c8a16df285a45be6900.png,4320,fake
3,683,3e22205714f2a18e4b5b6f5e3d618876.png,1024,pristine
3,768,1a37f90245b4bda5da57c1ba3dfabe24.png,1024,pristine
3,768,ae5cbfd5a2566eb2ba2e27979c53ef9c.png,1024,fake
3,768,5d4d0449273a7e4619e6ab87124539df.png,1024,pristine
3,683,2a266405a42a46ffa0e4c538cfb0a1d4.png,1024,pristine
3,771,b024091aabc0e2844605887c044c080e.png,1024,fake
3,575,3d219be8013149f5d3bedbe852c6cda9.png,1024,pristine
3,768,4ab1f8286e1849fb45f0c5164be20918.png,1024,pristine
3,768,b835388bf7843d20544c6de90d11c51c.png,1024,fake
3,768,6b5559315697d36ff30a772b77b1ef9c.png,1024,pristine
3,768,04c1b2b6bfe74356016a1a4c43b5d207.png,1024,pristine
3,768,2a4846ae50d3aad698997d16459aabed.png,1024,pristine
3,768,1a9ddf138916793021b7608884d5c756.png,1024,pristine
3,765,b59eb013150b52fdac02f8a50ff9ca47.png,1024,fake
3,768,0bf69d1b9460a9ad974b9a7c57f31632.png,1024,pristine
4,768,1a1d66303c66705aed0c480852a4b7ca.png,1024,pristine
3,768,00d56bffe2d757a4e4625cc2d0bd0de9.png,1024,pristine
3,768,6db59b0ccb4dd1fa460e2c4157b909bc.png,1024,pristine
4,1536,2564876058a684e6d899f3575081b16f.png,2048,fake
3,683,0ad15fb810f4cf428742462824236158.png,1024,pristine
3,768,c9171cef5cbaa557cfda9c22532e74c3.png,1024,fake
4,1024,add77a1c9b7aa95a65542a01a209b7d2.png,768,fake
3,768,3d45630126c3c9ac290ff4712a0d752e.png,1024,pristine
3,768,b3f8eaa84b5f310be720b0e856b4eb51.png,1024,fake
3,768,5ae4411f4460945953c0538f72f1e91a.png,1024,pristine
3,1536,bd102f5038b9c07483b7e76eb614de0a.png,2048,fake
3,575,7a945055cf5215f6721ed35d517fece7.png,1024,pristine
4,768,bedffe5f780e3c2be2cc032450ce0800.png,1024,fake
3,768,7aaded99eca8cf6118b7b21345750c32.png,1024,pristine
3,768,4a87c782680f9d11511c3e91f5f3d6a7.png,1024,pristine
3,768,bab047baca23807e4a97b048a56c1edd.png,1024,fake
3,768,1b3d595d91ba77637ac6ea6339af9af6.png,1024,pristine
3,768,d6f1c10e0059e0ac468537ceac0f22e1.png,1024,fake
3,768,3c09fc963cda43a2a996bdbf69638682.png,1024,pristine
3,768,c3faf90e9db3afcdafad8f283af02f2d.png,1024,fake
3,768,6e260b6fc299cca97a047a268d1a4a4f.png,1024,pristine
3,768,1b5ca2ed819194c4ca3d2808eee0805a.png,1024,pristine
3,792,d402dcd0cbd09bcc950a22003b8251b4.png,1188,fake
3,768,0cf8ce7feaeed8650226d1cb2a288fa8.png,1024,pristine
3,768,6df8a6148b4108db8f81fdbeb2fba35f.png,1024,pristine
3,768,0cb63a63de368044d42c739f42623289.png,1024,pristine
3,768,1dfe5e33f08f7d4e8e433d4679a5e3f1.png,1024,pristine
3,575,6e19f9e777bb1ec3a0215a3f84e0e4b4.png,1024,pristine
4,768,a464044a6cdff5cff44d099a99138ae2.png,1024,fake
3,768,5c556a2dc319fceb3bc915649905131f.png,1024,pristine
3,768,5d55fcb042a1b568e13fdfec9cf30dd7.png,1024,pristine
3,683,2d7c8db37b351bc530a0c07865ed119c.png,1024,pristine
4,600,44061b655cd1191b0f0e8a19a0e7e69d.png,800,fake
3,768,c1cf5dc8ab6e95cca71eb2cc0716a14b.png,1024,fake
3,768,02e60bdefd5ddc034000c93fffdf645e.png,1024,pristine
3,768,0dc54d60e63fbf8d981e13302455a24e.png,1024,pristine
3,768,2f31e8acc4ad6860604f2cb75376d567.png,1024,pristine
3,575,6de456d091cb45b7ed5ba52b3dbba573.png,1024,pristine
3,768,0ae10015b603b89756794a76be3361f0.png,1024,pristine
3,771,c2ccae30ccc8189fe03319b604cdde8b.png,1024,fake
4,1536,a607a69c1d589cf0e9d24ff6162abf01.png,2048,fake
3,683,3dbe40a77b052f5d1708a7693997a6d7.png,1024,pristine
3,768,0b53aa61ae3f6c6bc4b0cbb9d3e1b494.png,1024,pristine
3,768,830517966f2bb1185c5c430794f68483.png,1024,fake
3,768,1e99d13fd200e7011c52bf995a70ed4d.png,1024,pristine
3,768,2f45a5334f015e0e75427d209c0ef265.png,1024,pristine
3,768,b3c8de573cfb53d7c52fa628021c49dc.png,1024,fake
3,771,8723711d02af203b62eff3eb6c585f89.png,1024,fake
3,768,d918eeffd78047944ec2d97c4594eb8b.png,1024,fake
4,768,c7aaa7d7e4c6c0693b4cdd222cb10353.png,1024,fake
3,768,2b32d604a1b9c593107d3b74d60af796.png,1024,pristine
3,683,3e4860b730c20994297e663d93e2fb0f.png,1024,pristine
3,768,0001d52e2fd94f30c2bca0449763a752.png,1024,pristine
3,768,6b38e1f02b4f1ac3287a8967e42b914f.png,1024,pristine
3,768,b38a115419edcb093e7c4053960cef5c.png,1024,fake
3,768,4d82bb88be2aa19d56c83462359c7648.png,1024,pristine
3,3240,a749a9c6c906f0f57b9c91d13439bd6b.png,4320,fake
3,768,6e06c8209db6044dcd43d507896ceda5.png,1024,pristine
3,1200,2508f9cfb3c5f96d4539dcb1fa049d6a.png,1600,fake
3,768,0f93074fc0b95fb2af509c3348eaf62c.png,1024,pristine
3,768,5f658c45fcaeae04ef3d3ba10bfa9103.png,1024,pristine
3,768,aedafca3f65ecbbf54b3ec1ba4206b59.png,1024,fake
3,768,1eb6e347587776b69c5a86cd5985e5c7.png,1024,pristine
3,1536,729184490532feff1bea99534924c91d.png,2048,fake
3,768,6a19aa173506c2970237076ed0e4af0e.png,1024,pristine
3,768,06ea436a8f36419fa350dab4e135fecb.png,1024,pristine
3,768,4ae0c894f801b4b9434d1f7a8b1847b8.png,1024,pristine
3,768,12362143f7e114beeb9d22dc59450f5a.png,1024,fake
3,680,6e11dfc5b9bccd8129fa1f1f4924d3da.png,1024,pristine
3,2304,93644a457afc64b27a692c1ecd9df773.png,3072,fake
3,4288,229f447c1a26a74005b3f058201bde3f.png,3216,fake
3,683,0f352ea89e9a19c68d11d4b8d961bd79.png,1024,pristine
3,768,6a26bca72eec83c3eb6290b471f76d72.png,1024,pristine
3,768,b192b6242d69e023a4c2f26b42feadab.png,1024,fake
3,683,0f674f77aa5c0b10a9ceece99bd234d8.png,1024,pristine
3,768,2ccf8b2cbbf4d03371654da9baae4043.png,1024,pristine
3,768,c4249fa108dfc8cc6617d0c03adaa9e4.png,1024,fake
3,768,966360f61a4e1d058f71002b43136b60.png,1024,fake
3,768,4f073dcf62f2aca42ae352469bff7681.png,1024,pristine
3,768,d34431a82f1e24ef7ef228dae9eb8c4c.png,1024,fake
3,1042,f0e435860a2dc27294bf153d56351b27.png,1389,fake
3,681,0c43945b3bd42eb2f0e68a7f7ed43db0.png,1024,pristine
3,768,c88f1d27e73aaec5556fcd439600879f.png,1024,fake
3,768,1bb7e2ddfe860d9886d22f5b5c1a7977.png,1024,pristine
3,768,05d3a37752dd9de965da4b5f88ed97d0.png,1024,pristine
3,768,3fe900e58322c1faf810391ed7a74a0f.png,1024,pristine
3,768,b1fb2e2690c484ef7b0a75698150ed27.png,1024,fake
3,768,2c5aa72e1277f712013e1ea0ad075632.png,1024,pristine
3,683,5c1b08d20d2f7c077fa5d659e30b2e7a.png,1024,pristine
3,768,0ce49d459921e224bba36d3b41c3c2da.png,1024,pristine
3,768,4de395165118471b485c109f95210988.png,1024,pristine
3,3240,edb9414156ff96adf906cbba292e6cd4.png,4320,fake
3,768,06cda3523355a9df5654add640d1b0d2.png,1024,pristine
3,768,d114ce94a3994d16e43a4de93fe72e17.png,1024,fake
3,768,6e8ac2c9c337555f3bdba36fe79f2560.png,1024,pristine
3,575,5fa8869678f16b7916bad5437c28959b.png,1024,pristine
3,768,5f8773d53c554fe07339670103e0ba5a.png,1024,pristine
3,768,3a3206097d2d16ed5d1aa45143a38726.png,1020,pristine
3,768,5c46f5c0b3e24b2913d5f684ca76c0c3.png,1024,pristine
3,680,0a44837310aaf998acb05d0a651891e3.png,1024,pristine
3,765,baa105757f53efb5355ed8690994de83.png,1024,fake
3,768,5a55c9222641a9c2c4c4227ff4c04022.png,1024,pristine
3,768,d5e9b0e1fd8aa49e0e483cd1bef9d61e.png,1024,fake
3,768,4f4b66b8b7cc67c5a4ceca7115e3a2d8.png,1024,pristine
3,768,5fc9673d86e8c0b4b7abf67526058599.png,1024,pristine
3,900,e81d4326a9aba0df4346edaf4e64c0d0.png,1600,fake
3,768,2fa04c06aa9a181baffbc5a310ed8cf6.png,1024,pristine
3,768,1d235bc6cbb30eaab87378cc611614fc.png,1024,pristine
3,768,c168467ba25e8675a50b85be4204b4b2.png,1024,fake
3,768,5f10b31dd0fe64e5a0e96a5d90a57ad5.png,1024,pristine
3,768,5d150087e7982172941a6f0fbc12e3f1.png,1024,pristine
3,768,0ca4a6bf121ee206bf445358a7797ae5.png,1024,pristine
3,768,3b0f88a81a51a0b69494995e9ba17a9f.png,1024,pristine
3,768,2b7ffc38b7d7b5951165805f059309ff.png,1020,pristine
3,768,0b2b7e28f3f04599c8e15ea9b4ec574c.png,1024,pristine
3,768,2d2109bc991437a2e9b0edb0efdd1434.png,1024,pristine
3,768,6f00afc2519fccc5c4b3bd1896f01796.png,1024,pristine
3,575,0c0b302cb4a6f593cbb34b803b6ad71f.png,1024,pristine
3,768,2a63345084dc487dafe9c5a850caf549.png,1024,pristine
3,768,022354380a1a17ff49226c9eae21a11f.png,1024,fake
3,768,d507e807f025f09ea0cff40b52e9322c.png,1024,fake
3,768,0ff4ce96a90b236f07e5e6d392823890.png,1024,pristine
3,681,1a59d6491c0b8a7f8107346ebec894c3.png,1024,pristine
3,768,4e8e61821e23fc29b0eb84252f9eb09d.png,1024,pristine
3,768,d9634e2f8c7644c545c03c60f76750ef.png,1024,fake
3,768,4ec6153a427afe7f10ab12f00a50817a.png,1024,pristine
3,768,4b27ce4bea6a576d928932f005e954cb.png,1024,pristine
4,1536,8569531f0cfe6fed6f0911100c8c8d56.png,2048,fake
3,768,0a0c15a0561d670b4ce6cb940840cde6.png,1024,pristine
3,768,0cda6ff6584e5d2dbe65d33d2f6c1db2.png,1024,pristine
3,768,3ce6870f7a7f169f4ef40b2cb6116df2.png,1024,pristine
3,768,5cbaaf5f1f702e09b2d3b7adb264db95.png,1024,pristine
4,994,871d73986285b6092cc16cfe7ab4b7ed.png,1680,fake
3,768,4ddf1de41ca61cbcb75c39a415263f8f.png,1024,pristine
3,768,4acb5b39344432a6054fac0aebd120f5.png,1024,pristine
3,768,3ddf7736a773413d96643ce52c9a3c52.png,1024,pristine
3,768,6c51ffa557b33c8904d870b53fd2eaa3.png,1024,pristine
3,768,2f27dda529114f70d21fc73e385ee1cc.png,1024,pristine
3,768,4bf3f6c258465d85d004196b0dc07238.png,1024,pristine
3,575,1fcfb6d3bdb1480278151dba2f4af47d.png,1024,pristine
3,3000,da87f75ad935467d3c8d0ab08a559e76.png,4000,fake
3,768,d6691d2689957ed83dcdfe315f29e2e9.png,1024,fake
3,683,6cf810778c1e0fd4d95cc5009d44f165.png,1024,pristine
3,575,5dea5d688f0ef0b8192fcaf27dc7e562.png,1024,pristine
3,768,aebfa7ea3c777f775f7185c04c6a8fab.png,1024,fake
3,768,7a464377b136010aacf31c183443aed1.png,1024,pristine
3,768,1ca5a77f902d949f11566a18918d1af4.png,1024,pristine
3,768,0bfaef412dff8e9d3530ea8d73a1b6df.png,1024,pristine
3,768,00f2590c9968d4f36464ead50585e6eb.png,1024,pristine
4,1536,687764119688d5ee49717027e6145bee.png,2048,fake
3,768,1cc410af4c33428b9de3dea5e5049e79.png,1024,pristine
3,768,7a3fdbed246f873aa67628613bb7d7d7.png,1024,pristine
3,680,5d28aee5e48392f0fe737e169ec0ff59.png,1024,pristine
4,1536,ad71b41fd8257bfb9bf303008a92f68e.png,2048,fake
3,575,5fd1b52b6940dc9bcdaba7c283791c11.png,1024,pristine
3,768,6f5ef576c84c217fda1517ac7a529846.png,1024,pristine
3,768,0caa2820b192de50dd9000e25575c0d5.png,1024,pristine
3,768,3b8ac528b927a5d141f2d4124fe33321.png,1024,pristine
3,768,1a5082cb3b581e5eefa5e9e5e9813b68.png,1024,pristine
4,570,994526d452af15e3802e1a752a2af020.png,760,fake
3,768,0a5dd139b2ee2b9f93faeb2bb24ca7f4.png,1024,pristine
3,768,af4e76c3b9ef022cbffb9795592729ec.png,1024,fake
3,768,1c048f71a49d94f546b54b97df898ba2.png,1024,pristine
3,768,9772401ec6f2afaab9fb7aee6ece2506.png,1024,fake
3,683,2d19143b8df9a2b09c06443a6e9e8f48.png,1024,pristine
3,768,6b3eb059fd9044414327cfe2db54b1a0.png,1024,pristine
3,768,2f25be916adb858935b4363da07e7750.png,1024,pristine
3,768,4b516dc276883cb0f2df8828522f072d.png,1024,pristine
3,768,c7442bb2aefb0ce9062694a697f5c4aa.png,1024,fake
3,768,2cea5e8c6e865004b13bd3a7fa0cbad9.png,1024,pristine
3,806,c6216855a09754f487980c889f7a8732.png,1075,fake
4,1536,b42396107373446a2ab013cd61460b04.png,2048,fake
3,768,2f88b06c9008b647bf4462240ad719bc.png,1024,pristine
3,768,04f7cceb8160dcec285a0a79ee7bae7a.png,1024,pristine
3,768,0e12b739725814023bf25b7c91780852.png,1024,pristine
3,768,a8801babe463c8f0e32c2b338bb2acb8.png,1024,fake
3,768,5ed2b492f2152ff21fac7c362d8d910d.png,1024,pristine
3,2592,237db9303fe590d8104510e36dfaa4a7.png,1936,fake
3,768,5a60b2a47e1ba7124df62092d1cc0706.png,1024,pristine
3,768,5a17b3caed2b151f5ef2a9e5537cf007.png,1024,pristine
3,768,6d6355672fc6bb1c3e812f8db2b45ca0.png,1024,pristine
4,768,caa67ad39a42b14c19c572ccc5fd2243.png,1024,fake
3,768,6f4bcc76baecb1abbf81b98015fac4d8.png,1020,pristine
3,575,1dbd8e2638a4b93f9e8447084490fbad.png,1024,pristine
4,1536,c9df6c726d44834138a89684b2454dbb.png,2048,fake
3,683,6dd15db678b9d3ca62e381cecb28569f.png,1024,pristine
3,768,2adafd38fb05ebcf116c3fce3273e331.png,1024,pristine
3,768,0c877a349fb3ec64aac21974756cfb31.png,1024,pristine
3,2748,d96f2bcd580fa5de490377169d6a45bd.png,3664,fake
3,768,3be4753bcc1f89546130c0a2f610a010.png,1024,pristine
3,768,3d3ba2dcec4a2cd55ded4c8b9c9af46c.png,1024,pristine
4,768,0e53cd9ad8eeb7e42730e80624a3a0dc.png,1024,pristine
3,768,3bc256d43e119247a86be118a8685547.png,1024,pristine
4,768,c0a07e462960bd1eb37b5b0c1753c0fa.png,1024,fake
3,1944,eded2f92d413246c29001c448dbddd1b.png,2592,fake
3,768,5c378c173635a936d6b20f2cec9f2d41.png,1024,pristine
3,683,2fbab30ef74dd450672d2a9d3142b459.png,1024,pristine
3,575,0cd6bd200bc4c3d29049698747f68fbb.png,1024,pristine
3,768,3af268d0635db208721813c80d5a68a7.png,1024,pristine
3,768,3c387a33614cb63d87ccb98f8ba71158.png,1024,pristine
3,768,4e4037950d2b340f91b1ce62917ad628.png,1024,pristine
3,768,6c27d16735cd04190b2999ad0a3c0129.png,1024,pristine
3,681,7b1f84db7a0cf65d002c19a855f560d4.png,1024,pristine
3,768,2d6895ce19c339ec873636c5134bc754.png,1024,pristine
3,768,4fed3c73d055dfc4eeca8c0595e4b405.png,1024,pristine
3,768,5cbdc7a57564ccdd6bd11d344d43fdfe.png,1024,pristine
3,768,1db14b62626988f9db4fe5cc5e736402.png,1024,pristine
3,768,1fa229bb0e88dae92a39299c21395c66.png,1024,pristine
3,768,3c8dd1d909582baf90afea2dad266332.png,1024,pristine
3,575,6f2424e7646f01057ac3b261961f1b56.png,1024,pristine
3,768,2d51a195b440d501903b9224a015cd8b.png,1024,pristine
3,768,2c36dfa92af2c3affaa208a57c3177ea.png,1024,pristine
3,691,e8540972740aa21638731940c3bebe42.png,922,fake
3,768,b35d925d02a6792e66e475860372aaae.png,1024,fake
3,768,0dd5caa765877a0a19abc8fff9c97404.png,1024,pristine
3,768,2ee1940345456ab6d704428191515ff7.png,1024,pristine
3,768,5b4593eeb12b1665ba1123837c0a596e.png,1024,pristine
3,768,5c748d0da4de0581bafa20236487c62d.png,1024,pristine
3,768,b3e198f58740cc8074ae1948efe7a1d2.png,1024,fake
3,768,6fb1f8729a7064e55ba916655c2b347d.png,1024,pristine
3,680,06c190007f980b9d58a25a6db433327a.png,1024,pristine
3,768,b300897bc8a566bb9e806d8132e25f5b.png,1024,fake
3,3000,dedfc7b72b5c7ce42bd3e93df033a531.png,4000,fake
3,3240,d8fd021d1ca1e21880a0b84effa7157b.png,4320,fake
3,768,4f70340d893fc1e430ea13c452516689.png,1024,pristine
3,768,4fbf3c5ad32f5e222ed1953316ce0d51.png,1024,pristine
3,768,31399795f92fd15acc98739eca7047bf.png,1024,fake
3,768,0e73727abe5eef1591b5828648e70287.png,1024,pristine
3,768,6ceaab6963c232d6ae4801463c2a8915.png,1024,pristine
3,768,4ea40a7b40c7ebf754f900b56a3489db.png,1024,pristine
4,2758,72366b10b23899d659b3b0fa92d3a73c.png,4150,fake
3,768,5c43592962d6dfd02609fad871c2a05d.png,1024,pristine
3,765,ad0018fb4cec9dc007f89d94902d1bf1.png,1024,fake
3,768,0ed7d3c51dfb1baf8c85d89e5b6f6dde.png,1024,pristine
3,768,0d6ddba8f3147b37600d0e71f210f1a6.png,1024,pristine
3,683,0c45175ffa0ef10d801c5e00e1687672.png,1024,pristine
3,1200,de7b3bfcf24632b26291ad01e272cafa.png,1600,fake
3,768,2f9953a63943ec0d86a29faef9e1f8b6.png,1024,pristine
3,768,5d5091a5871fb60d320a8f41b4bdab8e.png,1020,pristine
3,575,4b1b3f1ab4fcb051917f465385c0be22.png,1024,pristine
3,720,cc0c8e75290550c68a73f399760512a9.png,960,fake
3,768,ba88fff70edc152e7fd26df38f710f49.png,1024,fake
3,768,4fe359036f12b71ffd35b6e3666966a8.png,1024,pristine
3,3216,2744a9427d865323a62eff7fdfbb9ed5.png,4288,fake
3,768,5c6ae330b4b1e51498be6cd5008a17d1.png,1024,pristine
3,768,2cbfe7b264f0671635ff4557cb346725.png,1024,pristine
3,768,3d4cadd27ab1dddb34b8c1f2e22a8269.png,1024,pristine
3,575,4a872e335a01ea5a7351204cbfa593f0.png,1024,pristine
3,768,3dbd82aef9a06d61fd9ff075af961605.png,1024,pristine
3,768,ae6ec565eab53a8bdc5749cff5914726.png,1024,fake
3,806,d9be92214b9b151afa53a2debdd6acc6.png,1075,fake
3,768,01e6ccb1d207ce31033251643aa55f9d.png,1024,pristine
3,768,2d2c4cc2cbab10b0e900675d680a2e17.png,1024,pristine
3,768,6d2f052df25f98cfdf43ce548f0e6dc0.png,1024,pristine
3,768,3b152dc81a1b6eac6a9a1b6178255aef.png,1024,pristine
4,1536,207763f02c2c5881c898386782da1728.png,2048,fake
3,768,0830004e471e511458600f0763ce19f3.png,1024,fake
3,768,b6f0f60d2dac8fd639a54eb6bdc2bdd5.png,1024,fake
3,768,0ac1f7bff45b83dc55631f63ac9651ba.png,1024,pristine
3,680,6d1a4081b063504792374d75ea12e708.png,1024,pristine
3,768,5db9a9d8f337546766b63b9a82263b5f.png,1024,pristine
3,575,5f2c3de190f1e231fbb68d64eae7badc.png,1024,pristine
3,683,2c769bc52f804a594bb15b115bb642df.png,1024,pristine
3,768,0b07fb418cfa1300d7358e3fc33c393c.png,1024,pristine
3,683,6d27f89567e1bbb4ae2f4c4a03daac10.png,1024,pristine
3,768,000bc3906100ede4b1374cea075adedb.png,1024,pristine
3,768,7a53021ef35ebec3e4e3c4cfb414b452.png,1024,pristine
3,3240,cab8ac89fc001f1adb2ff4d8b3f9f9a9.png,4320,fake
3,768,0fd08b2e45bb0e84af82a2bc3c00a5f2.png,1024,pristine
3,768,2c9efd7686482f3fd1687c8bed7e1b79.png,1024,pristine
3,768,b81643f10ef2075412532d13eb274b1e.png,1024,fake
3,768,4cfe2ff1ec59759983580bc482258bff.png,1024,pristine
3,768,4ccb92789d4b16af894e75c3e40f5e73.png,1024,pristine
3,683,4a46f53037b474194327f458ac83d5ad.png,1024,pristine
3,683,6b03d2090daed654181fb1589bc6b808.png,1024,pristine
3,768,05d0476ae1a480e1a79e7cfae6ab3a5d.png,1024,pristine
3,768,1fd9000edad1eefd323e6319d78f5d77.png,1024,pristine
3,768,1aa67f4b9d7d54a6e54ad8a0a5235298.png,1024,pristine
4,768,c01eb038f84397e1116a56414e16fcee.png,1024,fake
4,768,5a25dce69a98d43ba6e9006a27876124.png,1024,pristine
3,768,3f4d1195b5b4068e37cdff8ccf2e1901.png,1024,pristine
3,768,0ea36e95308b2216b481b35342e8db5b.png,1024,pristine
3,680,3d4b212f8fcea18a455229e92eb4917f.png,1024,pristine
3,768,1e5e8f13bf8b6995d73c58bc01e091d8.png,1024,pristine
3,683,2c0402a97ce575430dd6ffaf023ee585.png,1024,pristine
3,768,3ca1b8967f5b36a0ee52651e2d3b7b79.png,1024,pristine
3,768,5a2c17fb2299adfb232fb5c99b48afbc.png,1024,pristine
3,768,5af9fa1ee49d7519c83c5c60f1ffade8.png,1024,pristine
3,768,3c3dca0c55ebca935c8b964a634d59c3.png,1024,pristine
3,768,6da84edcd6a48f9bb04de36f2d688d90.png,1024,pristine
4,1536,b0175f62b84472eab8d177aa3d0364f9.png,2048,fake
3,768,2f35a06c7e024129010cd0a7cc042e54.png,1024,pristine
3,575,3caa8e3dbe2f3572dfb66cfea95a729e.png,1024,pristine
3,768,cd23dec47118e009aa9ae014362be38f.png,1024,fake
3,768,997003561434af248f5b8cc8fb697c70.png,1024,fake
3,768,7359205ed162a1f63a4537be468f9a71.png,1024,fake
3,768,1fcc8711337c90f6c3dcfd1a07ed8a13.png,1024,pristine
3,768,ac1a667900157fae86ec5fdabe5eb4b0.png,1024,fake
3,768,5aced0ab3e06a9428cf54767cd5b8df6.png,1024,pristine
3,768,8330772517186ab2c21c9e80ddd3daf1.png,1024,fake
4,768,d531b1cefbdd804a28399c46965aba52.png,1024,fake
3,768,4cf8c68437ad78a666ba949f081b9e4d.png,1024,pristine
4,768,c9699a289977ce2d80c6e073eadf8b2a.png,1024,fake
4,1536,010543abfbd0db1e9aa1b24604336e0c.png,2048,fake
3,768,1fe23fc53ad0c4977837a9926cd17201.png,1024,pristine
3,768,6aad58b761f1d96698ea5d808a4af381.png,1024,pristine
3,768,ad842756fbdb20f8d22ea1e151727d04.png,1024,fake
4,768,b71fdf22ebc078013fc4c81c7798903c.png,1024,fake
3,768,5a8b217c31ce6f3a8ab2dd283adc8b57.png,1024,pristine
3,768,4a02214442af1a4e0aaa1c21a6ec4f88.png,1024,pristine
3,768,c7eff213225543a37732bbe719485211.png,1024,fake
3,683,6ac9b6219459eba24b8a2498fb3cbf1c.png,1024,pristine
3,768,1fea6626693dfec7e2247f069a43a604.png,1024,pristine
3,768,06a16145aee6965f3008ce149c119bf6.png,1024,pristine
3,680,3c3ae432d723de974973209381455711.png,1024,pristine
3,768,2a127bde629f2f7d2550c8bbbc948a11.png,1024,pristine
3,768,be015078936ab89c8c755cf290ba9a0f.png,1024,fake
3,768,6dfe289308c88d6eb90432660aafb733.png,1024,pristine
3,768,2ce3d81e1782d472878b8a79515b3e01.png,1024,pristine
3,768,ab1e91e9a308f42d3cd0baa59f7c7c71.png,1024,fake
3,768,6edcaaee85abb0cd613657bdb5731a53.png,1024,pristine
3,680,6aac18ba35542f2a9fd6d91d7e202549.png,1024,pristine
3,768,ae82b0a9330039d4867bc9431956879d.png,1024,fake
3,768,1dd946025c2b0cde73f419a6d06fe74d.png,1024,pristine
3,768,3e7c5c1887a25f5b7870099bc7515244.png,1024,pristine
3,768,1b39fdabcc9fd280d7ef5d506da78603.png,1024,pristine
4,768,1f563ab49891d72b7d2cd06dd069f689.png,1024,pristine
3,768,0fea4684eb5914c9eaf1a6838bc08478.png,1024,pristine
3,768,5bf79dd10e6e0ca5af456db6f70c54cf.png,1024,pristine
3,680,4c5fd5a436373332833df3bb79dad169.png,1024,pristine
3,768,bed7b44e6d413d740c97696f475ab858.png,1024,fake
3,768,3b9c07cc6e523e782b1d93f7784923e9.png,1024,pristine
3,768,b084878f7b2a9b783a29dccceca2a580.png,1024,fake
3,683,0d46b797ae990edde9423dc8bfc48d04.png,1024,pristine
3,768,6efdc737eb4b16e36b1131903e841320.png,1024,pristine
3,768,05e01acb088c8953c413624801bb39c0.png,1024,pristine
3,768,1c39af9d0be4ee3c5a069dfa866b8c5a.png,1024,pristine
3,2736,0908dafde12041540b70d688315df6e9.png,3648,fake
3,768,3c68835fa4b3d1b0ced20fd4f6033e94.png,1024,pristine
3,768,1a5cfcd010b63ab468c1e3857a3e8fe6.png,1024,pristine
4,1536,ac821291d07a9c317f2dbf5e424cb8cb.png,2048,fake
3,768,cd9b2df963652cea69a16b7e368cd7f1.png,1024,fake
3,768,5b859221d2db5458a934dd435e09981c.png,1024,pristine
3,680,4a1aa0cab7646c49d647bd8e4d975190.png,1024,pristine
3,768,6f7183d4ad45fb7bd11f9993809693f6.png,1024,pristine
3,768,b0a2e857fb69d84cc86e16e53c2feda3.png,1024,fake
3,768,c22d2d0168ef819997238082b12d4149.png,1024,fake
3,768,1f3e0a9bbf1df8177a8369e2107fba4a.png,1024,pristine
3,768,b2474c062971986f588459818c212a8c.png,1024,fake
3,768,a20985daaeef78ec36b75a820360ee7e.png,1024,fake
4,563,91c79965316355431c3c8fed22a115ae.png,798,fake
3,768,5e66ff6f6051267582e73ff4190c0a79.png,1024,pristine
3,768,3cb69784be21bce972537f1ebf0bb231.png,1024,pristine
3,768,2b1261c65916ea243a565d648f4f9494.png,1024,pristine
3,768,0bcebfad9022dc4e9b606d3bbe84483d.png,1020,pristine
3,960,e92c3770990b6a1fc78bc068a2e03b29.png,1280,fake
3,768,03c8137aab2ff8736ad6d93c52dd2e38.png,1024,pristine
3,768,6e81892db1569782724a0234e610868a.png,1024,pristine
3,683,6dc5a94f2139f4906534253860b9fa40.png,1024,pristine
3,768,4fbbf2f2a322ac709af0956f0df323c2.png,1024,pristine
3,575,2d4de58c2dacf8461cf9d3ce3b1d7399.png,1024,pristine
3,575,3a4bfc56a4ffd4e6837ea7c9b550e1b1.png,1024,pristine
3,768,0c6bdc9e7cc22fdd4266e39e58fd87be.png,1024,pristine
4,768,0e991f4a4c3d73a2c7c8d5f8d48bcca9.png,1024,pristine
3,3240,b9149cc8a64a111bbc1b30cb1bdc37d4.png,4320,fake
3,3072,ce6fc3053fb6221f93f5c376a005e658.png,2304,fake
3,680,3a13e041e01f6567262b899b5f2c5b9c.png,1024,pristine
3,768,5ce799ff14670b83ad1a9e7ebb99ce6e.png,1024,pristine
3,768,ab3e3e6a64d42b2ec53685f24192daf3.png,1024,fake
3,768,b0e304ca50739b4bb48620960a4006b9.png,1024,fake
3,778,e1795634a3bf20d9c2e313a92c048bad.png,1037,fake
3,768,6b9d8eff244ae655758e93932114314f.png,1024,pristine
3,768,6e9c303ac8d8f18c632c59dd324eb8fd.png,1024,pristine
3,575,3b6a7bf424704ee9c15dad0184decadc.png,1024,pristine
3,683,4f4c566cd60100ad7f224875dbc24f2f.png,1024,pristine
3,806,ed989064f7fbdd958ff3c242e4cdabeb.png,1075,fake
3,768,2dca3a446717e9259df1c61df79a3022.png,1024,pristine
3,768,bd993ecb7172acc9508e2d74fa239e6c.png,1024,fake
3,2304,a24271ffaff5625d6d77bd1b8db7f06f.png,3072,fake
3,768,4a431854d5f7d6cd54c8352aa27c42f7.png,1024,pristine
3,768,b9c5470e3233747c69d951707fc0caa1.png,1024,fake
3,768,5bdabf3aee96b5cf9e973a9181bdd3aa.png,1024,pristine
3,768,1c5d35eeabb73e42cbfde3b45d932a7a.png,1024,pristine
3,768,6b66606db47d7da93ce8114d152a78c4.png,1024,pristine
3,768,1ad34f9d8d93743a7f73cb4e1e19928d.png,1024,pristine
3,683,5b166a348430539eb9c9be6ccce20a0e.png,1024,pristine
3,680,2fd904fddf6cc3a3d62cad9f09a53f0b.png,1024,pristine
3,768,c36f07e5793cef38dd7ab17764fce3e4.png,1024,fake
3,768,2df0f3666db9a7a2ae6766553776d145.png,1024,pristine
3,768,c6b5dc9a4db605cdc15a51d4bd6cb228.png,1024,fake
3,768,6be9f4ed2ea36434e29ce7cc8dffd971.png,1024,pristine
3,683,7ab599bd4a1f1d6df7c0c2bec67a4779.png,1024,pristine
3,768,1f1cc7592feecf58b84a5eda4af592f0.png,1024,pristine
3,3240,b3410ded36f35bda24e18c5362f69d63.png,4320,fake
3,680,0c02991d988c7aac77614a8eb0b5e8fb.png,1024,pristine
3,768,4e6c448578bb02cb2a32379ceb09cbb1.png,1024,pristine
3,768,0f745cf2b785e7a64620f09cf2590092.png,1024,pristine
3,768,3e72ff929e9ca5482e3cad2008bc64fc.png,1024,pristine
3,768,0ea3a3b8e12f5b4074f6dd82e2c90963.png,1024,pristine
3,768,4bead3da398081061b3b2c817dc0c677.png,1024,pristine
3,768,5a0349a68b5762578fad2ae8cd39d9f2.png,1024,pristine
3,1936,bea810fbe5f0ee59c79b4ebd4732f1a0.png,2592,fake
3,683,0dc12943c6309b600bc65a573acad99d.png,1024,pristine
3,768,5c2f205f2cd4739e4dc14f7355519091.png,1024,pristine
3,768,d23a8024cc5a377ecfdabb3577e96f10.png,1024,fake
3,768,1c853fc69f2b4c662af17fd02be45828.png,1024,pristine
3,575,2b2eda55ae781fcf4fe0dc5281f8ca78.png,1024,pristine
3,768,6bf7e89f058ea6de92a340222bf11bc8.png,1024,pristine
3,768,4c9f7c5d2267d3acf74d14a6ebf47bec.png,1024,pristine
3,768,0b7326cd2d8ab2adb5b8155a57c22513.png,1024,pristine
3,768,b7e384ec275a27be0ce4d95c729d4b04.png,1024,fake
3,768,4c62ff1dbfb7828b2432194ff0ce0b5a.png,1024,pristine
3,768,2a9f3a3fec8d52af7cc2ceed1ca12c13.png,1024,pristine
3,768,1cd35a8e0f6a81c28b6e44179c445b01.png,1024,pristine
3,768,0d0cc073fb6bdda1489abd807390e111.png,1024,pristine
3,683,3cf6fddc8d46fe592425f65b6afef9d4.png,1024,pristine
4,768,acd862c22c84f9f4f22a665573c0dc9c.png,1024,fake
3,768,2bb0c00ce1b242490e924c1e7c252a9b.png,1020,pristine
3,768,1f20849903aa5109dc0eec33a2871840.png,1024,pristine
3,768,b97db18acbee83be9760fb8eb8661652.png,1024,fake
3,768,2a64a0d0c2123e9b4dc29d258b8c7f4d.png,1024,pristine
3,768,2e99c2221971f70482d80a7148eab6d4.png,1024,pristine
3,768,6e05833bce893af997d49b6fbc8b6215.png,1024,pristine
3,768,2ce0f4078e50782b914daabc9a2b7793.png,1024,pristine
3,768,0d3e4b46139d791d9f99b1272a7d454b.png,1024,pristine
3,768,5feef3fbdbae3e67f110e08eb12da937.png,1024,pristine
3,680,5c93378bb928ce87fe7613059848242d.png,1024,pristine
3,768,3e2675aef79e152afb49b648c2892d8a.png,1024,pristine
3,768,c2ced35e09624934e6ac8ea922d6f216.png,1024,fake
3,768,0e1a969ed9be25a58662e1ed30081544.png,1024,pristine
3,768,aa2195acc0c17507e356e60955e30638.png,1024,fake
3,768,2a6f39f5521e5f5a398fdf50bc1aa5ab.png,1024,pristine
3,683,6b5c86b8183f604d7121ee94784daa72.png,1024,pristine
3,768,4b3ab18aafdd1e6e9efa91a0c298064d.png,1024,pristine
3,768,d13e3749938f9bcd3945bed229d40bb7.png,1024,fake
3,768,0a0ab9a903587d083e7051adfb17a779.png,1024,pristine
3,1920,ce571df8dd7ac27523b2cca4cbc32194.png,2560,fake
3,768,cb905e8bb50be791b394e69b45bfd8da.png,1024,fake
3,768,4cf0e711b26495bbd617c8dcdc7a1585.png,1024,pristine
3,575,4bc6326fedd3e7cea3abf418c225d5df.png,1024,pristine
3,768,04b9dd7d5e3d24e0bca41ff9173626f1.png,1024,pristine
3,681,2a4df7ec33239ffbaf4f5b9a0b190ae3.png,1024,pristine
3,680,6a68286e27dacf32aeaf277854f493a6.png,1024,pristine
3,768,3bd8d2d1a3b0c283a6db034507708beb.png,1020,pristine
3,768,5cb3924e63d1cb0dcf0191f48e378ebe.png,1024,pristine
3,768,6e2c856c77f7ea9498645a1526eb55ff.png,1024,pristine
3,3240,756a2f39b0b82013ee00b825d66ad0bc.png,4320,fake
4,1536,31682dc53f670f43d4308f7e99a1d3f8.png,2048,fake
3,768,3bdfe96cca78c134e6e5a7ea71a5d820.png,1024,pristine
3,768,bd2dc6a591234f7855101bb3e66c96c8.png,1024,fake
3,768,0cd3336bcf6da64100be66bd613d493c.png,1024,pristine
3,1000,e3137a7b21d07b4daa8a23cf778cc083.png,1504,fake
3,768,02b3c3a0865816af3992f188a5b6c94a.png,1024,pristine
3,768,c4a8492e6d60e15a32a52b5ebee00f65.png,1024,fake
3,768,0f57f78f51be3a27f37aa23c60b9d715.png,1024,pristine
4,681,2cade8c2315a9f03c0193521c1899000.png,1024,pristine
3,768,d2553a38aa5977fedd9c365d6129f83d.png,1024,fake
3,1200,cbf35bfeb900387380e043ef4523ed7a.png,1600,fake
3,575,3f29dc37305f413b37827fbcee97ba4f.png,1024,pristine
3,768,4ac8103505266c5d066fb68694efbe63.png,1020,pristine
4,768,4b0328c1c0c0a20cabd216e72f0e1002.png,1024,pristine
3,768,2eb515a0b14569b9c98f3cb7e0a62686.png,1024,pristine
3,768,6f195b5bf845b325b352b8ebdd2e4b53.png,1024,pristine
3,768,2e029f00d10f62fe0c4025fb75bd72be.png,1024,pristine
3,771,be07c00a9019c724132920b410951478.png,1024,fake
3,768,b185aab42bdb43b9f6baec60f9a5ba27.png,1024,fake
3,575,0ae09b5626dc5b360510e9efc9937fc0.png,1024,pristine
3,768,a473790a307fd44bc5e5e68b12bf6f51.png,1024,fake
3,768,1ca94a834db5f4e2a463996220634bf4.png,1024,pristine
3,1200,c658e082c4a76075a2f91c731b1f79a0.png,1600,fake
3,768,0f97546e3df936b8f967f201a0a144c8.png,1024,pristine
3,768,6e607cafcd52360bb198867ecae551a0.png,1020,pristine
3,1067,d78caa6909f1270cd3e8e216c24f6909.png,1600,fake
3,575,0bbbede4d0f47bba44dc5a3dc57fbffe.png,1024,pristine
3,768,0fed3a3ad1f24f312b4f2a2a07e30597.png,1020,pristine
3,680,3c98ecaf63ca996a99ce5c4c64d13f4c.png,1024,pristine
3,768,5de9a55bc239f2959ca1307d371c360c.png,1024,pristine
3,768,6af277a42b1a7dd172e5181654f6df86.png,1024,pristine
3,768,1d8ce4e2c38d5802f756fe1a295bafa7.png,1024,pristine
3,768,1e849849f6d70d173492e5df23bd6aa7.png,1024,pristine
3,768,3d59e440f98589f50b89320e9541b602.png,1024,pristine
3,768,1e142757121158406d973eae93f31563.png,1024,pristine
3,768,0e429185c58e9dfcaa3cfee8bbf1e830.png,1024,pristine
3,768,5e843b489e194290ba8adee4bb2f1516.png,1024,pristine
4,768,6c66a2aa9c0f8f6c9895be73090f1d72.png,576,pristine
3,768,00e079b66d9e9f99892bbb81d9d6cd57.png,1024,pristine
4,1536,a9411d7195ec9ac242d5fcb2f6ebf396.png,2048,fake
3,768,6b81b4828b7bd9fd450258cc233ec70f.png,1024,pristine
3,768,cdce0701fa96db632af5facf074fe654.png,1024,fake
3,768,6d8e25a64a2ab3e32ef25e138e40d728.png,1024,pristine
3,768,4b33a1dec66064fb01ba4f7e70573858.png,1024,pristine
3,768,5ab02a69fd1a14ae0a7801e27c2d9b5a.png,1024,pristine
3,768,6d0d0e18eecdf02b8ab8fcf39c07c6e5.png,1024,pristine
3,3216,ce6a3e19dfcd8e8b162faf8511b920ae.png,4288,fake
3,768,1bad4a292e400413353b5c9891c1339f.png,1024,pristine
4,768,03ecdd7f56567b5e64a9f9c768af4295.png,1024,pristine
3,683,3f12bff27921caae44fa8498a21e1210.png,1024,pristine
3,681,5da397367179d6cceb846dfbce4f99a5.png,1024,pristine
3,768,0ad8e0f9069cc8a7cb76cdebeb823867.png,1024,pristine
3,768,0f6a854d35a8bc3f6f25cde4d55f0923.png,1024,pristine
3,768,0f8819a0c13a7f92cb23dbdafe3d2358.png,1024,pristine
3,768,b957bf062b8006317f24bdba5dd0abfe.png,1024,fake
3,768,c328943933b839c4f9d2d0c94a831eab.png,1024,fake
3,768,7afc5731eaf88e39753189a4442184a5.png,1024,pristine
3,768,4f15fcfaea4ca11088275f4377704d6a.png,1024,pristine
3,765,d90d1935c16712717b15cb9d29a2dd9f.png,1024,fake
3,768,3d59e2121cd4a713883a1b06cb7b11ab.png,1024,pristine
3,768,2a4184a818a59e3a07886b52d296510e.png,1020,pristine
3,575,5b258f62113b68d48e0dfaf57cbfb0e7.png,1024,pristine
3,768,4a852e8931249dfd89d6331766852b4b.png,1024,pristine
3,683,5ecd87cd804c5c27be8b60c6f3ca8e6a.png,1024,pristine
3,768,86186107aac2418722572c5632f01ade.png,1024,fake
3,768,1bbe5358b6911fd52ac6383a652292ee.png,1024,pristine
3,768,6d837c48b6f50fc186506632cd317c6f.png,1024,pristine
3,768,6c72e23759a7fff43a551233a08d2faa.png,1024,pristine
3,768,1c8c37fec325786aa142a674d26aadbf.png,1024,pristine
3,768,998214a64e378c93d9c7ae6c502aa160.png,1024,fake
3,768,2cbae15a950bc03dd761cc23add90795.png,1024,pristine
3,768,4f04ec4ce71cb6973e15cf7734619273.png,1024,pristine
3,683,3cdaea0f3649ddf671135bb68aeb40f9.png,1024,pristine
3,768,4d1f45b47db78a09538e65ce848e9201.png,1024,pristine
4,768,2f4fc27e6917dade2020ceb35a0a1c3d.png,1024,pristine
3,768,03a529bdfeb4484b679ce36d419c0a04.png,1024,pristine
3,768,3c8c56e88b6aebb17800b9b27ea69969.png,1024,pristine
3,768,ceb9fcd4486cd56c04bf66804cfee9f0.png,1024,fake
4,768,0fcab1fdfc928d55e7eb2914d2ec1afe.png,1024,pristine
3,575,2aa8cb7dcff33fdf6a0642eee0d06139.png,1024,pristine
3,768,d958cd2313d0c5eb6d55c9d96c25c8b8.png,1024,fake
3,768,6a6a958aed7cf8ebe19a744023665008.png,1024,pristine
4,600,b47c970b9a25c103951ab48c55727ecc.png,800,fake
3,768,7b2cbad1151c43374733b0ee206cc883.png,1024,pristine
3,768,ab9bc082d5fe5d5835be9596b3bbd28c.png,1024,fake
3,768,3c50dcf1847612d830b15384e28a6b20.png,1024,pristine
3,768,7a58f23c07cf45256f308b5723af9f7c.png,1024,pristine
3,2048,49885ceb0d7868353754bcdc653fd85a.png,1536,fake
3,768,a343124f546ea20b08092f6d2e72554f.png,1024,fake
3,768,1a80f8fe6e4d92e3cb2af31d22d09366.png,1020,pristine
3,768,02efa34b5034a41fb487ef38f07c321c.png,1024,pristine
3,768,0a15c829c3beb36bf53e73654fb6ece0.png,1024,pristine
3,768,6fd8e6b79b7a14db0ab3e465b462a8ba.png,1024,pristine
3,768,b9c9e75746c2cfee1f99ad9b2e5f2548.png,1024,fake
3,768,3c51ba046b5b41173c15ee5764432aa2.png,1024,pristine
3,768,0ddf65e32e2fd2f629f53712e577c4e2.png,1024,pristine
3,768,0f68b5903eb36be82019631a333c9141.png,1024,pristine
3,768,0ae073231a8d83d23ba135c33bf96f10.png,1024,pristine
3,768,c3cd547094fa52e65a22228bba5ef189.png,1024,fake
3,768,5ec18997239cecdb947fea58d77c7bf5.png,1024,pristine
3,768,3f730117c58c8e112a7b33f1331e9ef0.png,1024,pristine
3,806,e3f297c613666f68896094cb58838ae6.png,1075,fake
3,575,5f65c20b10dc06bb043179df656473df.png,1024,pristine
3,768,7afcfe686667df48e62e685663460846.png,1024,pristine
4,768,3de6cffce5e0922289bc60c4928acc83.png,1024,pristine
3,768,1bda780ac2a5b1c16fc57dd59cd09f11.png,1024,pristine
3,768,1ad910c71cc71a500e14b68dd16ac00b.png,1024,pristine
3,750,e44cb44a7cf02f5c4f9f4c2f0f62f3ce.png,1000,fake
3,768,6d969d0fe88819a9d0efd692454c5f7f.png,1024,pristine
3,768,2bb4a1ddeb3893c3c60e865a9f0209e6.png,1024,pristine
3,768,a470313562508266ecf17a4a5410fc6f.png,1024,fake
3,768,1f11ace07f76db168b8de6b043aaa244.png,1024,pristine
3,768,1bbb8c87e75990c888437e01b5b4963d.png,1024,pristine
3,768,3c61021caf93f68df55053972dce9394.png,1024,pristine
3,680,0c5c1072b1cb15fad32050433aff2cba.png,1024,pristine
3,768,b21ec9c8f63bb394181430af882a8a99.png,1024,fake
3,768,d52264908b734ce04d2f4da2a07f531d.png,1024,fake
3,575,1a2bab05359590e8fbc4d4f744cd0093.png,1024,pristine
3,768,2e45f5184a45dcbda6fca8158b55f01f.png,1024,pristine
3,768,1ad7561b361cde01f0a0c546a001763b.png,1024,pristine
3,575,1a9a240d5c549ea5f6a464f076d5f783.png,1024,pristine
3,768,cf3eef59fe32392bef1dd5d18e79207b.png,1024,fake
3,768,0bcfc5a4d920dcced672ad82fa136875.png,1024,pristine
3,768,ce5cd74980494117a495a305ed5fe95b.png,1024,fake
3,768,01e0d36e157cd8808deea046c15fcea7.png,1024,pristine
3,768,da69d49cc6fd90ae7a2d494009ef46cf.png,1024,fake
3,768,1b2d8da303239dd9e189d58840825be5.png,1024,pristine
3,575,5fb090a35bfa08776c41e854d6d274ca.png,1024,pristine
3,768,6b6742c58e770604d637d1764600542a.png,1024,pristine
3,3240,d6388ee9f63e1111d41ce66ddf06ff41.png,4320,fake
3,768,1f4a153b261229b3789db9c993afaf93.png,1024,pristine
3,768,0eb173b4c0c9b6e8db3de6bcfafbc421.png,1024,pristine
3,768,4b1aed4cf210a63800b9f4f6c5d3ac1c.png,1024,pristine
3,768,4ec45a6cecd8a24a5ec3310ce19b2d73.png,1024,pristine
3,768,4e89e6d21777a52b7cf145bde1b44429.png,1024,pristine
3,768,3a643c3a8cc8d66d83d4b3c3fcb8b18d.png,1024,pristine
3,768,5fcbff0dea2096296955f621ea2ed24b.png,1024,pristine
3,2592,55774d613ff0e35e640172a35fdd6c96.png,1936,fake
3,768,1ffcceddbb7678d36c5c7afd0e7b803d.png,1024,pristine
3,575,6fa364a78c495fcf632f9539017ab50d.png,1024,pristine
3,768,3a7f78afa41fc79c60edffe1e1853f06.png,1024,pristine
3,768,5d75b948c7d2dd1eb5d1fda57ea5a0d2.png,1024,pristine
3,768,6bfdb3ff45f7307d29ea2ad92c4fbea9.png,1024,pristine
3,768,3a77386340e02e9f2d9054afc400c8a9.png,1024,pristine
3,768,4b243fcf098384448a72b601a800ca20.png,1024,pristine
3,768,4adf21f520335cb6e68c71a6d01a53ce.png,1024,pristine
3,768,ae9dbc1d83a6063f921c7b6f19ecc468.png,1024,fake
3,768,0ba4582e247ec4df5efeb3f36c3c00fb.png,1024,pristine
3,768,2e5c14b7e5532c2f1a067c6327d79714.png,1024,pristine
3,768,1e1fec12730c80a71aa1a33e3e8beb02.png,1024,pristine
3,768,3cc9e9b2c7b9f97aef89c941fc29445f.png,1024,pristine
3,768,2ef69e6dd2e1a2ac079ef931426e3bbb.png,1024,pristine
3,768,5c5cca73226200f62643ccfa53282d90.png,1024,pristine
3,681,1c81eeabd8b9e98b5c245fb121b8257e.png,1024,pristine
3,768,2c69a54e0566d5b13326a65ec7de7f5f.png,1024,pristine
3,768,a3978283d13463af3d6d98c6ae6d6be7.png,1024,fake
3,768,7a704292b212a8c0fb6c76230d6e9d00.png,1024,pristine
3,768,ce03344d71dca420b3ea36e8e8c48219.png,1024,fake
3,768,5df5229e063084e3b8e9ed460c6115e6.png,1024,pristine
3,768,5a0a481b717fd0e0f199589da2eb3883.png,1024,pristine
3,768,2a580b7af4dab33b08fa5a47a1c5b1b3.png,1020,pristine
1,768,5e5de13ef0adcf7ffe963b039b2467da.png,1024,pristine
4,600,b5413c246d39c53af7e53b1d56f64946.png,800,fake
4,768,6e304babb685244e0a3f3c60e75e1cd6.png,1024,pristine
3,768,6d0d1c17629c3ba479e015a15255b7fa.png,1024,pristine
3,768,0a5229a0666fe83b09043a17a6a8c8bb.png,1024,pristine
3,768,af77345bcf2cfcb77f0aa3eb0d724e98.png,1024,fake
3,2736,674cf83cd200c6936f54a0ed6894bf9c.png,3648,fake
3,768,0ea3a31150fe8d9fb13f7d52cde55fc8.png,1024,pristine
3,768,2de34c80144f4a4e1846777bc4b8601f.png,1024,pristine
3,768,6ce76a800932b084c5e8a0ae6475772f.png,1024,pristine
3,768,3eb4dac35b0af9e0d60e609e8ed4ed0b.png,1024,pristine
3,768,1d23dbb0c4fccc0a7cf1d0a64ebb538f.png,1024,pristine
3,768,2d68cfb6b98a0aba7781e10d8264a3be.png,1024,pristine
3,3240,bb6bc81243a3d15132b3a2b42e1e5f0e.png,4320,fake
3,765,bf44b8a1a00a2e525426a4ad4bedfff9.png,1024,fake
3,768,ac7136dac7ab3dfa07d4a6c5038f450d.png,1024,fake
3,768,4b7ae72ca3894218ffd360a50fd4b071.png,1024,pristine
3,680,3fcfd4841f9eef81dcd8f5701b35cea6.png,1024,pristine
3,3240,87327cd1756383fefd53a135523d1e5c.png,4320,fake
3,768,6fdf37eac40272f49a0a7c8cce21fc40.png,1024,pristine
3,683,6afb8d380e8a12a42faa3f75948afa98.png,1024,pristine
3,768,4d8ce2c467a287c0a5f0d3509ac55ef3.png,1024,pristine
3,768,1a85aa645121903fae228cbfe231c2b4.png,1024,pristine
3,768,5c59a6e897670b94b1d68faa23a8946a.png,1024,pristine
3,768,3dc169ca1c6fac15eb894ea4070b3354.png,1024,pristine
3,768,422896874343197d07d448cfff92ddea.png,1024,fake
3,768,4a8a6effa7ff76ea840eeade09a99290.png,1024,pristine
3,575,0f8d02ba5f35abd4820389a777dc2181.png,1024,pristine
3,683,0a2f675be22415ca63ce0eb9041d68a6.png,1024,pristine
3,768,5ff53374f20d12a37c315ec7288396b8.png,1024,pristine
3,768,2e24d9377b08dd0ae207f7d6bd36753f.png,1024,pristine
3,575,0e5cf994e22ba764ad6c33d477e69737.png,1024,pristine
3,681,6d94adc79e810113317326ae83ea70fe.png,1024,pristine
3,768,b16b83b24a10d28f3d89eca9e505f294.png,1024,fake
3,3240,7125cec169f3635cd07db90b16e848d5.png,4320,fake
3,768,1ae50d32e718687e82c0b8fa0607c402.png,1024,pristine
3,768,4ea98503b10e317e81fc38691d035ec1.png,1024,pristine
3,768,d64f0d1c4c3e893b1d0f3aa5b9967830.png,1024,fake
3,768,0fbb5ba2d58fdf6c4f129a876c7c0004.png,1024,pristine
3,768,62181550c772f3277ca96e0516b45d9b.png,1024,fake
3,765,d6e8a819330b7e0ff527d3daa11601ed.png,1024,fake
3,768,4c68929265e566038b02668c57c48940.png,1024,pristine
4,1536,bb187a066f29895b69dc38298ffd72f5.png,2048,fake
3,768,05e7e21796871e4303cac587265b5d60.png,1024,pristine
3,768,1f7680e69568ce9b53e8f1c5b5474376.png,1024,pristine
3,681,00fbcae4d05aeab62ab917e587b911f9.png,1024,pristine
4,768,6f5c74d3e536815751c5706f564b9800.png,1024,pristine
3,768,3ea5d8dab65c48b060179eea025fd9d6.png,1024,pristine
3,768,a31202172eaa14a258079619440394a7.png,1024,fake
3,768,1ce68ade5b63313772521845e1ed6ce3.png,1020,pristine
3,768,2f8af23ba7a2e739e06594b0639add7a.png,1024,pristine
3,683,6be828b2819012072acadc613f81e927.png,1024,pristine
3,768,1a84757f815bc279bff58895fc021662.png,1024,pristine
3,806,d4e7b59257c600b426046bed3a7da516.png,1075,fake
3,768,4f0133e6083cadbe46d90e05b6b51ad7.png,1020,pristine
3,768,1f0948a25308d1711e56750f3a2752d0.png,1024,pristine
3,768,003f2d6e572e2587ffa809f78ff4a5c4.png,1024,pristine
3,575,6c7c290cdd22030d0b3fad9398c2794b.png,1024,pristine
3,1944,fdf110fa789efa05114811412f54b2a9.png,2592,fake
4,1536,a572d8a52f46accacc8eef19acb8759c.png,2048,fake
3,768,1e0fb72cec56039d6f0343a1c395103c.png,1024,pristine
3,575,05d3b0b133dced8dca1d5f977f1ec04d.png,1024,pristine
3,768,ad858c2668b85ebaaed311e1fe56b01d.png,1024,fake
3,768,3e2ddf72bfb7b50302e67ec901bc7496.png,1024,pristine
3,3240,d87fb93838434f8a1d668c0ed1bd8824.png,4320,fake
3,768,4ca89f58934be1b2aa95f32c5b30c7e3.png,1024,pristine
3,768,3fc5e991d9d67ade69e95d8422b8b694.png,1024,pristine
3,768,3c0045d491e0b59c5727c5d59feb1064.png,1024,pristine
3,768,6a5a499626b3e261fa2cb6cf15dcf59d.png,1024,pristine
3,768,0af2593778b9d1f6fe4732c02c7cf81d.png,1024,pristine
3,2748,a9667850a5652972443b765ae3ccf3ff.png,3664,fake
3,768,1f51bb9d9f79557fcedfef1d3bc931bc.png,1024,pristine
3,575,0de9cf6e52acfd2df2d8e4970805c201.png,1024,pristine
3,768,934741e32f2fc90678fee50aea8cc413.png,1024,fake
3,680,5f1634091263ce8f51efa552856d6c99.png,1024,pristine
3,768,3a38f7650672856db59d38ef3d526323.png,1024,pristine
3,768,3a1dc2707b78de7e5ec86da3dc06e0d3.png,1024,pristine
3,768,0f5b691349b668124b4a353f08986d67.png,1024,pristine
3,771,b815a74cfdca7f5da57fc1b0687f89cd.png,1024,fake
3,768,1aa02ef2c243b3d2b70fc612759bb100.png,1024,pristine
3,768,02b6c83f34054f1c465519c22f1e6275.png,1024,pristine
3,768,ada9cf59118b6b3503363371021bc88e.png,1024,fake
3,768,0d97374c0e9e15ac0092b1bdbb9161a5.png,1024,pristine
3,768,3a4890683ea8f09afd9a80f48686cef5.png,1024,pristine
3,765,3735407a7358488296a3d9968c01855d.png,1024,fake
3,768,06ba30a6322000561efd2f78a4e0be1d.png,1024,pristine
3,768,4eab46d2f8db48de79859208f57ff0f2.png,1020,pristine
3,768,5d47b7cdb1de7f7465c49c294c01680d.png,1024,pristine
3,768,3e3490e4bf0ae35669a988fa33b4e493.png,1024,pristine
3,720,deb7cc4263e3dc9a640c57c7b2f714fd.png,960,fake
3,768,0bb084aa9f2a12c8b267be9038869488.png,1024,pristine
3,1944,cb5dece724ab947f6a615c7fe1f8c380.png,2592,fake
3,768,2e593224bf1fe30b9bdbaa7a667eee40.png,1024,pristine
3,771,cd22077ab23004ae566c5e09cecee05f.png,1024,fake
3,768,6e91f788bd7f03474fb5f7174ee3b4fe.png,1024,pristine
3,768,4bd065922d9ab9b51cedd117c9d45694.png,1024,pristine
3,768,d6933d2484b99d63cab5532c478f82bc.png,1024,fake
3,768,bfd1934c21fe48a0e3ad8e9695473cb8.png,1024,fake
3,768,0dd5df884c0d4383951d173559b70f33.png,1024,pristine
3,575,1ab03120be532e415d61102e9ce30edf.png,1024,pristine
4,768,cc1234027ede8d9006ce01f0cd12b710.png,1024,fake
3,1536,6524631d3b2df3c246e553dd55e3361b.png,2048,fake
3,771,be3c9e989860de924073c3b60aae71bd.png,1024,fake
3,575,7ad78ee4501f6b96b06d1dbf9c6b3af4.png,1024,pristine
3,768,05d9c3c9bb54b8beca02ac89553bd84a.png,1024,pristine
3,768,b37a15fd949a331a8aca247b7ca34f2d.png,1024,fake
3,806,df2f15d3d496f356e95aaf027d17dcaa.png,1075,fake
3,768,7ae8382eb8451684037e0c6c47e100be.png,1024,pristine
3,768,6acfc634267cf6affbce00cd2a20f233.png,1024,pristine
3,768,3fd217536bef02ee5af5f0db51882cc0.png,1024,pristine
3,680,4abc145709ef0a49fa40ab296d378977.png,1024,pristine
4,1536,65356dc39286084901856e5cae427764.png,2048,fake
3,768,1ef07bc2a8c8feecf5e27c1b72746a89.png,1024,pristine
3,768,3d2f6161fc278d5087b6fc7072abdfb5.png,1024,pristine
3,768,bcd5608b3999bb8d454d0903fc3bd759.png,1024,fake
3,768,3f9dc36ac2b2268619f811c93ba018fd.png,1024,pristine
3,768,6f9e6b11454650c12a429ab6db4797c0.png,1024,pristine
3,768,0bc6c628b18c585488863a619f952882.png,1024,pristine
3,768,0ee27ef0af1666bf7714830378253afb.png,1024,pristine
3,768,5ba39d84b718ef84baa60ff362d9627c.png,1024,pristine
3,765,0363353570f16ff0a73aa0a03a7795b8.png,1024,fake
3,768,2acc0576d34ddffdb12affba16ee0bfe.png,1024,pristine
3,768,6ae5efc0f58b48d83782617d4780e155.png,1024,pristine
3,771,ae62c81c35af25f591fee642ade58245.png,1024,fake
3,768,1cd23b464758e395114c65a1a99bdaa0.png,1024,pristine
3,683,4a694369bbb2e7271c7783d79f77e862.png,1024,pristine
3,768,0ec531ed32ebca1834044887bf1e99b1.png,1024,pristine
3,768,6af621f64b5b11f653bbe5f563ab047a.png,1024,pristine
3,768,5d893ce126126e2c6392390446464408.png,1024,pristine
3,768,bd162a474c3726de6e7b9790feb95a00.png,1024,fake
3,680,1ba3caa6582a0a77012c5ffdfa8f869a.png,1024,pristine
3,768,2ae1c3e6cafa5d97b7e3e52f5bfaf746.png,1024,pristine
3,768,4e0cbbca5cea7e4e596731888eaf2c8d.png,1024,pristine
3,575,6a7ff6587ff54c98c4ae74e6919ba872.png,1024,pristine
3,768,0f510d92d43b1b2f9e9ed73957cf87e8.png,1024,pristine
3,771,531633553c8de46100c5f46b09dbf774.png,1024,fake
3,768,1c7d4d157e04b416d2d2924abfa08dc8.png,1024,pristine
3,768,aa62ae56c20735351461f141d4ede330.png,1024,fake
3,768,6bf06a5c16a66398eb1fe02d74abcb30.png,1024,pristine
3,768,d257675d358d70474a86b4e11dba33a9.png,1024,fake
3,768,bac7fb0f429c30179ca36411f11713ed.png,1024,fake
3,768,3aad6b1da20e2215bbc44db86928791e.png,1024,pristine
3,768,2c4ece0f798b17c14283b049926da0ab.png,1024,pristine
3,768,b1ab7bc3fe7e57cc7a1beb3edd00a1e2.png,1024,fake
3,768,6fd3505a38373f15d7c9736e39ac36cd.png,1024,pristine
3,768,3deb3cb2c8f1d3179dcb8ba43f9df7db.png,1024,pristine
3,2304,364f0d4ece36860de6c2ad8cf943b800.png,3072,fake
4,768,1f3cb8e3a0e12cd2108c52ebb00efcc4.png,576,pristine
3,683,0d5f8a6d27f0056bdd9362df3476b2c1.png,1024,pristine
3,768,5f08f620b624894e6c48f938343861a1.png,1024,pristine
3,768,3ca4aee2ea8d503a7caa309a9e7ee8a8.png,1024,pristine
3,768,5eb824e2876f2de1b176d29852e9d2de.png,1024,pristine
3,768,6e5d4606ae5497b63befbfa5456b9bb2.png,1024,pristine
3,768,6cab5c935cbdfc966817f3fbabd463dc.png,1024,pristine
3,1072,dbe57dd8b2e7b7349a37705965bc889f.png,1424,fake
3,768,3b74f3fda8320ddf906ae86e4709ede2.png,1024,pristine
3,768,5f240654e333951c4f9be91ffcab56fc.png,1024,pristine
3,768,5dc886f88b2e4abec4139a24019d4fbf.png,1024,pristine
3,768,01aa04db92eb2617ebfe69ffe32b1bdd.png,1024,pristine
3,768,1f281eccd72ee61ac5cba076d14239cb.png,1020,pristine
3,768,2ba762dd3dad9a4704c46c8cf9a0ef13.png,1024,pristine
3,768,3b102b1d668683c658f8e4523031ae32.png,1024,pristine
3,768,0b26efae81c3d92960e5f646bce16bfe.png,1024,pristine
3,768,6c4886c8ae23964b735ceed09e39bb30.png,1024,pristine
3,768,a190948fddf9545c431efaebddee915d.png,1024,fake
3,768,0ce3e0b2cb776b958bb763f0ba8c46f9.png,1024,pristine
3,768,b4d425eedb47b3d886ca70d56db4120d.png,1024,fake
3,768,06fe0c72e57341ceefe3de9fbe12c381.png,1024,pristine
3,768,3cfab460cd775b2fc3261f9f9d387c9e.png,1024,pristine
3,575,6ecc743ad4d523e10f3b2215c5fd23c6.png,1024,pristine
3,768,a0942fb0a31b0f782d5d67a92e6f782c.png,1024,fake
3,768,5b395b33770bb1171248496e5b6fef3e.png,1024,pristine
3,768,2bd92ff5b2ba8f8225b6e4bc374b34ca.png,1024,pristine
3,768,4cfce60b3c6e30635dbcbae55d9e5f01.png,1024,pristine
3,768,1aa000047472fe7f5bb5ebe6c4570836.png,1024,pristine
3,768,2a1150b317225ff14bb87a3e0685347c.png,1024,pristine
3,768,08829849d0b1c71e437961e841e0c81f.png,1024,fake
3,768,06eefed61325a0c81ea9fed64f07d289.png,1024,pristine
3,768,a515850ab263cc40693e86481e0b3462.png,1024,fake
3,2748,dcc2c41c810408c4cb08ce092a712d02.png,3664,fake
3,768,cbf729aea39780adc2e5a7a23c8f5c21.png,1024,fake
3,768,5e0ec5fcdcd772e8818d31154f4b88c1.png,1024,pristine
3,768,b81629220178f4be3d145ba0986852ce.png,1024,fake
3,768,2a9b0535dc7182014752ec66fa65a2d0.png,1024,pristine
3,768,c834e3170c81cebd468accb10ef07c1f.png,1024,fake
3,768,3b269d1c65e9aabaf807c3fba4e875a8.png,1024,pristine
3,771,b62f85cc6ec8d3ee50311876561418fb.png,1024,fake
3,768,0c52110eaf52d61f9daddcc93ee3ac22.png,1024,pristine
3,768,0c2283a3fb12b580947542b7007f3299.png,1024,pristine
3,768,2f8b0583814f166db8837f735b3f0da2.png,1024,pristine
3,765,b9b25dcdf5f40747e548cc9c92a261c2.png,1024,fake
3,768,d55e4723d6de869b76020bcc1c4cfa26.png,1024,fake
3,768,2db8833d3d5124ba16bd699cac563af1.png,1024,pristine
3,680,2a9405a3d3e8c320c7e5140c9b62a253.png,1024,pristine
3,768,bcbc7bef972e1b0ad0ebf8d4781aba31.png,1024,fake
3,768,1ff6091458fdf2b9304696e84e4801cf.png,1024,pristine
3,768,c69b802e0fee0c78988bd1878a4a66be.png,1024,fake
3,691,e7b762a90a95ff8d71497a6da103f649.png,922,fake
3,768,6c5ef7d7334360781e251f059837326d.png,1024,pristine
3,768,b39a55c7b0c32dcbc7af93412413bb71.png,1024,fake
3,768,5a33babc5fab4dfb80959bfa892f18b0.png,1024,pristine
3,1200,35458ca671876a5bad7f87419fe53b4c.png,1600,fake
3,768,bb11c77bcc275f1f2d409852cef0f016.png,1024,fake
3,768,2e1f9b09b8e4cf324c74dc35753995d1.png,1020,pristine
3,768,3f34a7d6c4b3e5b36f40fc178e7e656c.png,1024,pristine
3,768,2b71a6a32ed71fb95559b3548620e920.png,1024,pristine
3,768,cfb77b3822d05b280d51e8259f0c2ff4.png,1024,fake
3,768,b12b7e18c131d3414662d00022cc5d0f.png,1024,fake
3,768,3a51a2cf147925f42861a9a28be1528e.png,1024,pristine
3,575,4eccb855090d1839bb70b6bb7e67f863.png,1024,pristine
3,806,ce4df5feb17e4951e1151a4ddf38b5e5.png,1075,fake
3,768,0ef3cb6f8128f134955cee608831c5c1.png,1024,pristine
3,2304,b8cecf240477353bdf87aac6521e066f.png,3072,fake
3,768,2d7530637fce7dc799e344434cf2c1c1.png,1024,pristine
3,768,b73fef9b8686be108f9deec80e8ed880.png,1024,fake
3,681,0c420e5d4ad357c01f6f16d9d4c9a5c5.png,1024,pristine
3,768,0dc76fdcebc46e9d8e7adf6521dd0c4f.png,1024,pristine
3,768,689303d2322edb19c223bc2fbe409e08.png,1024,fake
3,768,6d414f40da3d1125d5335ee99353a379.png,1024,pristine
3,768,0ed85a138e507c444443472369e8130c.png,1024,pristine
3,768,5d85b435a136808f1930adfe119035fb.png,1024,pristine
3,768,0ed239f98083401421ed2cc5d7c29a06.png,1024,pristine
3,768,3dfd63f3e4d34de1091bebba86e46ad2.png,1024,pristine
4,1536,152681a0017a5fded699c43cd6df97d1.png,2048,fake
3,768,b1a7bc9873d1ac1a9bf66426002b3722.png,1024,fake
3,768,3c403d2f5c47a8df6e774f44eb9e54ab.png,1024,pristine
3,768,d7907191ca56c0adca3df658743028e3.png,1024,fake
3,768,1e9d183b2919ba8e66d24df72697b3ad.png,1024,pristine
3,768,b46123b02139d593c1f842bc46ddc634.png,1024,fake
3,768,2c53de498b75407a8d2537671a272b34.png,1024,pristine
3,768,1dfadc8bd378c29f40a340230b4396f8.png,1024,pristine
3,768,d27e776a3f9b648e478a77229de52b54.png,1024,fake
3,768,4e0d72e005446796a58ef654e0b55098.png,1024,pristine
3,680,03cd095b978da91503f8aa88c5dcfa82.png,1024,pristine
3,768,2c55d1e42ac09a35f138fcde5652cc15.png,1024,pristine
3,768,6a3361a9a38187153efc7e371d36200e.png,1024,pristine
3,768,5e069825fe7ac8cf471bd8bfd11f2454.png,1024,pristine
3,683,2e3b64dd621be789e2ae69024f81504a.png,1024,pristine
3,768,6fffae46ed62fc0371172acd03bf005f.png,1024,pristine
3,768,3ebf544460233efb7f4250a4893a63aa.png,1024,pristine
3,771,d83840fbd3cde13ca6b801a3800e3c2b.png,1024,fake
3,768,6bc9d31e31a58b6989ae240d216568d4.png,1024,pristine
3,768,1e41bd6b60e2c6fc408fdc7796e64ce0.png,1024,pristine
3,768,6e1177c78e01950142b53d0e52e8d3a9.png,1024,pristine
3,768,4b7b8a34f7e2c6f5208db509e602c364.png,1024,pristine
3,768,6a640f97276f02ddca6fafef1d8125b5.png,1024,pristine
3,2736,092b43f88eab0ae3ecc0eb0ccbe37c82.png,3648,fake
4,1536,a874d91dfcbe35e7204dce0845bcc71a.png,2048,fake
3,768,2377136d0e2ec5c8aa15293c78ffa3d7.png,1024,fake
3,575,3d2b356774a090139a9bc1f41414e5a9.png,1024,pristine
3,683,0c6ac3ce5ed62c27b99394e652c52ae0.png,1024,pristine
3,768,7adb7a9c863b8bdd842d14e1c484e77f.png,1024,pristine
3,768,d76330914587add652997eda2c3caa98.png,1024,fake
3,575,1d91a3f7e1d9799eeadc4fb572f5c344.png,1024,pristine
3,768,4c10db55f29f713289bc4c52cc4e71f0.png,1024,pristine
3,768,4a28995506ac48854eb426a5e06c12d0.png,1024,pristine
3,771,d12f8acae725c66b00c31c3c96978e18.png,1024,fake
3,768,d321ba188146edd239c266f409e7995e.png,1024,fake
3,768,3b7dcf05aedb1ea2312c5c259ebed52b.png,1024,pristine
3,768,0af2302d30375fbf5014a5c02d1bf924.png,1024,pristine
3,575,3fb1caecdb65c2ec062fd4e18381c8b0.png,1024,pristine
3,768,4e7e260603ae8e51844a177fbef8d1da.png,1024,pristine
3,768,6fbecfdaecf314fc8417362440c1867c.png,1024,pristine
3,765,ca8f5bc4dfc11f10d823230e1c800caf.png,1024,fake
3,768,5a3c4533dd0b0ae4b4dd7149fa2bf487.png,1024,pristine
4,768,d2d7c3bf0395220f58bdc48df5a9c8d6.png,1024,fake
3,765,b1bc3b7d2942eda3e73788c489e95d13.png,1024,fake
4,768,ac5c61568bbb4f1a965803c6e85481ed.png,1024,fake
3,768,3be74ebfec2849e4494af3e70db7f71d.png,1024,pristine
3,683,00dd93f9e4af553929e54e66c2a3186e.png,1024,pristine
3,768,c33078039ff93c70014ebe16192be997.png,1024,fake
3,768,6b887aab70ff330d15ebee76d4ad17d0.png,1024,pristine
3,768,4e0f423723345b694f34a9000ce7ea1a.png,1024,pristine
3,1109,d3389a52075cb3af01ee0b164c75019d.png,1663,fake
3,768,04c82c2daec830eebdd1891d28d6a652.png,1024,pristine
3,768,ab34ca35df5a7be8cbd2fc8df3a2fb7e.png,1024,fake
3,3216,707642c1c1a36f8fb28274f2484b11fe.png,4288,fake
3,768,4a7ab4c11dc562171cc0424372223830.png,1024,pristine
3,768,d09aedf8c4f0622413bf67f8e5715bcf.png,1024,fake
3,768,5d2906d478cbdd5b02fb2ad442e76f08.png,1024,pristine
3,768,0f1fe6db70e9da10f9653516e37e780a.png,1024,pristine
3,768,6ad8d64f83734f1891517ecb21b2b0bd.png,1024,pristine
3,768,4de1b83e6183b9253aa82f5dfd214811.png,1024,pristine
3,768,4ec11a3e90f698245558752bba778c6e.png,1024,pristine
3,575,0a086c07d9673188438f32bb070344d5.png,1024,pristine
3,768,1f4c39b94d80a6efc535f24f80683e2a.png,1024,pristine
3,778,ce05c962f695932a830ad4356d7a3e04.png,1037,fake
3,768,0d146cbc35b78a4dfa25cb404567ae41.png,1024,pristine
3,768,1e2f4750e794ba00acf2de931301f08e.png,1024,pristine
4,1536,b91fb5eb5b2ef55ad665fb6cd7f7b657.png,2048,fake
3,768,6a486eca64c70c43eb1c9985458ffa97.png,1024,pristine
3,768,4e539c5364ed8d6f241800f20d3d4fa3.png,1024,pristine
3,768,c1e51c1b53a96730b28df479028e1793.png,1024,fake
3,648,d86c77402f58687283542ae735f327f8.png,1152,fake
3,768,5ad5b5d6ed55c7219604a8ecffa32cbc.png,1024,pristine
3,768,b0daf1c4142d7b73cd76d39e7c36a7c2.png,1024,fake
3,768,2b5e000668b76d0eb7a8425907f5c5df.png,1024,pristine
3,768,4de97f12ef2ab119af471317486f6c3b.png,1024,pristine
3,768,4f208c2befbfc8431aeb7f9e93d2bf64.png,1024,pristine
3,768,2cf8f4cf134b51a869e8dc28af2110aa.png,1024,pristine
3,768,5a11ffa108c7b9400c1fc8b53242fe75.png,1024,pristine
3,768,4afe9d1ba7e6165ec16f65480716f637.png,1024,pristine
